recipe_name,grains,bittering_hops,flavor_hops,aroma_hops,original_sg,yeast,dry_hops,final_sg,flavoring
22nd State Amber Ale,"9 LB Pale Malt
6 oz Munich Malt
12 oz Crystal 80L Malt
2 oz Chocolate Malt",1 oz Cluster Hops,0.5 oz Willamette Hops,0.5 oz Willamette Hops,1.051,"White Labs California Ale V 051
Wyeast American Ale II 1272
Dry Yeast SafAle US-05",NA,1.012,NA
A To CTZ IPA,"11 LB 2 Row Malt
1 LB Munich Malt
1 LB Crystal 20L","0.5 oz CTZ Hops
0.25 oz Apollo Hops","0.25 oz CTZ Hops
0.5 oz Apollo Hops","0.25 oz CTZ Hops
0.25 oz Apollo Hops",1.064,"White Labs California Ale 001
Wyeast American Ale 1056
Dry Yeast American West Coast BRY-97","1 oz Apollo Hops
1 oz Amarillo Hops",1.014,NA
Single Hop Series Amarillo Pale Ale,"9 LB Pale Malt
12 oz Crystal 40L Malt
6 oz Carapils Malt",1 oz Amarillo Hops,0.25 oz Amarillo Hops,0.75 oz Amarillo Hops,1.050,"White Labs California Ale 001
Wyeast American Ale 1056
Dry Yeast American West Coast BRY-97",NA,1.011,NA
Amberlievable Amber Ale,"8.5 LB Pale Ale Malt
1 LB Vienna Malt
12 oz Crystal 80L
6 oz Victory Malt
2 oz Black Malt",1 oz Cascade Hops,0.5 oz Motueka Hops,0.5 oz Motueka Hops,1.052,"White Labs California Ale 001
Wyeast American Ale 1056
Dry Yeast American West Coast BRY-97",NA,1.011,NA
Apollo Single Hop Pale Ale,"9.5 LB Pale Malt
6 oz Crystal 80L Malt
6 oz Carapils",0.5 oz Apollo Hops,0.25 oz Apollo Hops,0.25 oz Apollo Hops,1.051,"White Labs California Ale 001
Wyeast American Ale 1056
Dry Yeast American West Coast BRY-97",NA,1.011,NA
Appalled Apollo IPA,"10.75 LB 2 Row Malt
1 LB Crystal 60L
1 LB Vienna Malt
8 oz Carafoam
4 oz Biscuit Malt",0.75 oz Apollo Hops,"0.5 oz Apollo Hops
0.5 oz Amarillo Hops","0.25 oz Apollo Hops
0.5 oz Amarillo Hops",1.069,"White Labs California Ale 001
Wyeast American Ale 1056
Dry Yeast American West Coast BRY-97",1 oz Amarillo Hops,1.012,NA
Azacca Pale Ale,"9.25 LB Pale Malt
12 oz White Wheat Malt
4 oz Crystal 80L",0.25 oz Azacca Hops,1 oz Azacca Hops,0.75 oz Azacca Hops,1.051,"White Labs California Ale 001
Wyeast American Ale 1056
Dry Yeast SafAle US-05",NA,1.011,NA
SoCo Beans The Elf Christmas Ale,"10.75 LB Maris Otter Malt
1 LB Crystal 80L
6 oz Special Roast
4 oz Pale Chocolate Malt",1 oz Northern Brewer Hops,"1 oz Northern Brewer Hops
0.5 oz Ginger Root",NA,1.063,"White Labs London Ale 013
Wyeast London Ale 1028
Dry Yeast Lallemand Nottingham Ale",NA,1.017,NA
SoCo Biscuits and Jam ESB,"9.5 LB Maris Otter
1 LB Biscuit Malt
12 oz Crystal 80L
6 oz Special B",1.5 oz East Kent Golding Hops,0.5 oz Kent Golding Hops,0.5 oz Kent Golding Hops,1.059,"White Labs British Ale 005
Wyeast London Ale III 1318
Dry Yeast SafAle S04",NA,1.016,4 oz Raspberry Flavoring
Bitter Butler Best Bitter,"7.5 LB Pale Malt
1 LB English Light Crystal
3 oz Chocolate Malt",1.25 oz Willamette Hops,0.75 oz Willamette Hops,1 oz Willamette Hops,1.043,"White Labs London Ale 013
Wyeast London Ale 1028
Dry Yeast Windsor Ale",NA,1.010,NA
Bitter Texan IPA,"12 LB TexMalt Pale Ale Malt
1 LB White Wheat Malt
1 LB Crystal 60L
8 oz Carafoam",1 oz Warrior Hops,"0.75 oz Simcoe Hops
0.5 oz Centennial Hops","0.25 oz Simcoe Hops
0.5 oz Centennial Hops",1.072,"White Labs California Ale 001
Wyeast American Ale 1056
Dry Yeast American West Coast BRY-97","1 oz Simcoe Hops
1 oz Centennial Hops",1.016,NA
Blackberry Witbier,"5 LB Belgian Pilsen Malt
4 LB German Wheat Malt
12 oz Flaked Wheat",0.5 oz Tradition Hops,"0.5 oz Tradition Hops
0.5 oz Bitter Orange Peel
0.5 oz Coriander Seeds",NA,1.050,"White Labs Belgian Wit Ale 400
Wyeast Belgian Witbier 3944
Dry Yeast SafBrew WB-06",NA,1.011,4 oz Blackberry Flavoring
Bourbon Barrel Porter,"10.5 LB Pale Malt
12 oz Chocolate Malt
8 oz Crystal 60L Malt
6 oz Black Malt",0.75 oz Chinook Hops,"0.25 oz Chinook Hops
0.25 oz East Kent Golding Hops",0.75 oz East Kent Golding Hops,1.059,"White Labs California Ale V 051
Wyeast American Ale II 1272
Dry Yeast SafAle US-05",2 to 4 oz Bourbon Barrel Chips,1.014,NA
British Sunset Golden Ale,"8 LB Golden Promise Malt
1 LB White Wheat Malt",1 oz Willamette Hops,1 oz Willamette Hops,1 oz Cascade Hops,1.045,"White Labs Dry English Ale 007
Wyeast British Ale 1098
Dry Yeast SafAle S04",NA,1.010,NA
SoCo Butler's Irish Red Ale,"7.5 LB 2 Row Malt
2 LB Munich Malt
12 oz Crystal 40L
2 oz Roasted Barley",1 oz East Kent Golding Hops,0.75 oz East Kent Golding Hops,0.25 oz East Kent Golding Hops,1.051,"White Labs Irish Ale 004
Wyeast Irish Ale 1084
Dry Yeast Lallemand Nottingham Ale",NA,1.014,NA
Cashmere Blonde Ale,8 oz Crystal 20L,0.5 oz Cashmere Hops,0.25 oz Cashmere Hops,0.25 oz Cashmere Hops,1.043,"White Labs California Ale 001
Wyeast American Ale 1056
Dry Yeast SafAle US-05",NA,1.009,NA
Chinook IPA,"9 LB Pale Malt
12 oz Munich Malt
1 LB Crystal 40L",1 oz Chinook Hops,0.5 oz Chinook Hops,0.5 oz Chinook Hops,1.053,"White Labs California Ale 001
Wyeast American Ale 1056
Dry Yeast SafAle US-05",1 oz Chinook Hops,1.012,NA
Christmas Porter,"9.5 LB Maris Otter
14 oz Chocolate Wheat Malt
8 oz Brown Malt",1.25 oz Cascade Hops,"0.75 oz Cascade Hops
0.5 oz Bitter Orange Peel",NA,1.056,"White Labs Dry English Ale 007
Wyeast British Ale 1098
Dry Yeast Lallemand Nottingham Ale",NA,1.013,NA
Cluster SMaSH Pale Ale,10 LB Pale Malt,1.25 oz Cluster Hops,0.5 oz Cluster Hops,0.25 oz Cluster Hops,1.050,"White Labs California Ale 001
Wyeast American Ale 1056
Dry Yeast SafAle US-05",NA,1.011,NA
Coconut Hefeweizen,"5 LB White Wheat Malt
4 LB Pilsen Malt
8 oz Flaked Wheat",1 oz Crystal Hops,0.5 oz Crystal Hops,NA,1.050,"White Labs Hefeweizen Ale 300
Wyeast Weihenstephan Weizen 3068
Dry Yeast Munich Classic (Wheat)",4 oz Toasted Coconut Chips,1.012,NA
Cruisin Canoe IPA,"10 LB 2 Row Malt
1.25 LB Munich Malt
10 oz Crystal 40L
6 oz Brown Malt",0.75 oz Nugget Hops,"0.5 oz Chinook Hops
0.5 oz Centennial Hops","0.5 oz Chinook Hops
0.5 oz Centennial Hops",1.060,"White Labs California Ale 001
Wyeast American Ale 1056
Dry Yeast American West Coast BRY-97",1 oz Centennial Hops,1.013,NA
Dark Chocolate Strawberry Stout,"9.5 LB Pale Malt
1 LB Chocolate Malt
6 oz Black Malt
6 oz Crystal Red Malt
12 oz Flaked Oats",0.5 oz Nugget Hops,"0.5 oz Nugget Hops
4 oz Cacao Nibs",NA,1.059,"White Labs Dry English Ale 007
Wyeast British Ale 1098
Dry Yeast SafAle S04",NA,1.014,4 oz Strawberry Flavoring
Dillo Trolley Pale Ale,"9 LB Pale Ale Malt
12 oz Crystal 40L
8 oz Carafoam
4 oz Honey Malt",0.75 oz Citra Hops,"0.25 oz Citra Hops
0.5 oz Cashmere Hops",0.5 oz Cashmere Hops,1.052,"White Labs California Ale 001
Wyeast American Ale 1056
Dry Yeast SafAle US-05",NA,1.011,NA
Dry Hop Blonde Ale,"7.5 LB 2 Row Malt
1 LB Crystal 10L Malt
12 oz Flaked Wheat",0.75 oz Cascade Hops,0.25 oz Cascade Hops,1 oz Citra Hops,1.046,"White Labs California Ale 001
Wyeast American Ale 1056
Dry Yeast American West Coast BRY-97",1 oz Citra Hops,1.010,NA
Dunkles Bock,"8.75 LB Munich Malt
2.25 LB Vienna Malt
1.5 LB German Pilsen Malt
8 oz Caramunich I Malt
4 oz Carafa II",1 oz German Tradition Hops,1 oz Hallertau Hops,NA,1.065,"White Labs German Bock 833
Wyeast Bavarian Lager 2206
Dry Yeast SafLager S23",NA,1.015,NA
Elani Pale Ale,"9 LB Pale Malt
1 LB Crystal 40L Malt
8 oz Carapils",1 oz Elani Hops,0.5 oz Elani Hops,0.5 oz Elani Hops,1.052,"White Labs California Ale 001
Wyeast American Ale 1056
Dry Yeast SafAle US-05",1 oz Elani Hops Text90:,1.012,NA
English Pale Ale,"9.5 LB Maris Otter Malt
4 oz English Dark Crystal Malt
4 oz Biscuit Malt",1 oz Northern Brewer Hops,1 oz East Kent Golding Hops,1 oz East Kent Golding Hops,1.052,"White Labs Dry English Ale 007
Wyeast London Ale 1028
Dry Yeast SafAle S04",NA,1.013,NA
Frayed Aglet IPA,"11 LB 2 Row Malt
1 LB White Wheat Malt
1 LB Crystal 40L
8 oz Carapils",1 oz Warrior Hops,0.5 oz Amarillo Hops,"0.25 oz Amarillo Hops
1 oz Azacca Hops",1.067,"White Labs California Ale 001
Wyeast American Ale 1056
Dry Yeast American West Coast BRY-97",1 oz Azacca Hops,1.015,NA
Fruity McCutie Juicy IPA (NEIPA),"11.25 LB 2 Row Malt
12 oz Crystal 20L                                     Notes About My Beer:
1.5 LB Flaked Barley",0.5 oz Citra Hops,"0.5 oz Citra Hops
1 oz Galaxy Hops
1 oz Simcoe Hops
1 oz Azacca Hops",NA,1.066,NA,"1 oz Citra Hops
1 oz Simcoe Hops
1 oz Azacca Hops",1.015,NA
SoCo Glaring Grackle Imperial Stout,"16 LB Pale Malt
1 LB Munich Malt
14 oz Roasted Barley
12 oz Flaked Barley
6 oz Crystal 80L Malt
8 oz Chocolate Malt",2 oz Nugget Hops,0.5 oz Chinook Hops,0.5 oz Chinook Hops,1.094,"White Labs San Diego Super Yeast 090
Wyeast American Ale 1056
Dry Yeast SafAle US-05",NA,1.020,NA
Granite Dome Oat Stout,"13.5 LB 2 Row Malt
1 LB Chocolate Malt
8 oz Roasted Barley
1 LB Flaked Oats",0.5 oz Nugget Hops,0.5 oz Nugget Hops,NA,1.079,"White Labs California Ale 001
Wyeast American Ale 1056
Dry Yeast SafAle US-05",NA,1.017,NA
Haze Austin! Juicy IPA (NEIPA),"10.75 LB 2 Row Malt
6 oz Honey Malt
6 oz Golden Naked Oats
1.5 LB Flaked Oats",NA,"2 oz Mosaic Hops
2 oz Citra Hops
1 oz Simcoe Hops",NA,1.065,NA,"1 oz Citra Hops
1 oz Mosaic Hops
1 oz Simcoe Hops",1.013,NA
Imperial Bourbon Barrel Chocolate Stout,"14.75 LB Pale Malt
8 oz Crystal 120L
1 LB Roasted Barley
12 oz Chocolate Malt
1 LB Flaked Oats",1 oz Nugget Hops,1 oz Willamette Hops,NA,1.088,"White Labs California Ale 001
Wyeast American Ale 1056
Dry Yeast American West Coast BRY-97",4 oz Bourbon Barrel Chips,1.019,4 oz Coffee Flavoring (Optional)
Janet's Brown Ale - AHA Big Brew 2021,"11.8 LB Pale Malt
1.3 LB Carapils
1 LB Crystal 40L
0.8 LB White Wheat Malt
0.4 LB Chocolate Malt",1.25 oz Northern Brewer Hops,0.5 oz Northern Brewer Hops,1.5 oz Cascade Hops,1.074,"White Labs California Ale 001
Wyeast American Ale 1056
Dry Yeast SafAle US-05",1.75 oz Centennial Hops Text90:,1.018,NA
SoCo Jollyville Red Ale,"9.5 LB Pale Malt
10 oz Crystal 80L
4 oz Victory Malt
4 oz Pale Chocolate Malt",1.5 oz East Kent Golding Hops,0.25 oz East Kent Golding Hops,0.25 oz East Kent Golding Hops,1.053,"White Labs Irish Ale 004
Wyeast Irish Ale 1084
Dry Yeast SafAle US-05",NA,1.013,NA
Lake Buchanan Imperial IPA,"15.5 LB 2 Row Malt
1 LB Munich Malt
1 LB Crystal 60L                                        Appearance
8 oz Carapils
6 oz Victory Malt","1.75 oz CTZ Hops
1 oz Citra Hops
0.5 oz Citra Hops
0.5 oz Simcoe Hops","0.5 oz Citra Hops
0.5 oz Simcoe Hops",NA,1.091,NA,"1 oz Simcoe Hops
1 oz Citra Hops",1.020,NA
SoCo Lake Travis Double IPA,"12.5 LB 2 Row Malt
1 LB Munich Malt
1 LB Crystal 60L
8 oz Carapils
4 oz Victory Malt",1 oz CTZ Hops,1 oz Citra Hops,"1 oz Citra Hops
1 oz Simcoe Hops",1.075,"White Labs California Ale 001
Wyeast American Ale 1056
Dry Yeast SafAle US-05","1 oz Citra Hops Text90:
1 oz Simcoe Hops",1.016,NA
Lemondrop Blonde Ale,"8.25 LB 2 Row Malt
8 oz Crystal 20L Malt",0.5 oz Lemondrop Hops,0.5 oz Lemondrop Hops,1 oz Lemondrop Hops,1.043,"White Labs California Ale 001
Wyeast American Ale 1056
Dry Yeast SafAle US-05",NA,1.009,NA
Lofty Loblolly IPA,"11.25 LB Pale Ale Malt
1 LB Crystal 40L Malt
1 LB Vienna Malt
4 oz Victory Malt",1 oz Chinook Hops,"0.5 oz Chinook Hops
0.25 oz Simcoe Hops","0.5 oz Chinook Hops
0.75 oz Simcoe Hops",1.067,"White Labs California Ale 001
Wyeast American Ale 1056
Dry Yeast SafAle US-05",1 oz Simcoe Hops Text90:,1.015,NA
Lonely Pier Wheat Ale,"5 LB 2 Row Malt
3 LB White Wheat Malt
8 oz Munich Malt
5 oz Crystal 10L Malt",0.75 oz Cascade Hops,NA,"1 oz Saaz Hops
1 oz Tettnang Hops",1.045,"White Labs German Ale/ Kolsch 029
Wyeast Kolsch Ale 2565
Dry Yeast SafAle K-97",NA,1.010,NA
Mad Jack's Hoppy Amber Ale,"9.25 LB Maris Otter
1 LB Munich Malt
1.25 LB Crystal 80L
8 oz Carapils",1 oz Centennial Hops,NA,1 oz Cascade Hops,1.061,"White Labs Dry English Ale 007
Wyeast British Ale 1098
Dry Yeast SafAle S04",1 oz Cascade Hops Text90:,1.015,NA
Mars the Duck Oat Pale Ale,"9 LB 2 Row Malt
8 oz Crystal 40L
2 oz Pale Chocolate
1.25 LB Flaked Oats",0.75 oz Chinook Hops,"0.25 oz Chinook Hops
0.5 oz Crystal Hops",0.5 oz Crystal Hops,1.054,"White Labs California Ale 001
Wyeast American Ale 1056
Dry Yeast American West Coast BRY-97",NA,1.012,NA
Mosaic & Citra Pale Ale,"9.25 LB Pale Malt
8 oz Crystal 60L Malt
8 oz Carapils",0.5 oz Citra Hops,"0.25 oz Citra Hops
0.5 oz Mosaic Hops","0.25 oz Citra Hops
0.5 oz Mosaic Hops",1.051,"White Labs California Ale 001
Wyeast American Ale 1056
Dry Yeast SafAle US-05",NA,1.011,NA
NA,"11.5 LB 2 Row Malt
8 oz Crystal 40L Malt","1 oz Cascade Hops
1 oz Cascade Hops
1 oz Cascade Hops
1 oz Cascade Hops",NA,NA,1.058,NA,NA,1.012,NA
Nectaron & Elani IPA,"11 LB 2 Row Malt
1 LB Crystal 20L
8 oz Flaked Barley",1 oz Nectaron hops,"0.5 oz Nectaron Hops
0.5 oz Elani Hops","0.5 oz Nectaron Hops
0.5 oz Elani Hops",1.060,"White Labs Coastal Haze WLP067
Wyeast London Ale III 1318
Dry Yeast SafBrew S33","1 oz Elani Hops
1 oz Nectaron Hops",1.015,NA
Nectaron IPA,"10.5 LB 2 Row Malt
1 LB Crystal 40L Malt
8 oz Carapils",1 oz Nectaron Hops,0.5 oz Nectaron Hops,0.5 oz Nectaron Hops,1.059,"White Labs California Ale 001
Wyeast American Ale 1056
Dry Yeast SafAle US-05",1 oz Nectaron Hops Text90:,1.014,NA
Nectaron Pale Ale,"9 LB 2 Row Malt
1 LB Crystal 40L Malt
8 oz Carapils",0.5 oz Nectaron Hops,0.75 oz Nectaron Hops,0.75 oz Nectaron Hops,1.052,"White Labs California Ale 001
Wyeast American Ale 1056
Dry Yeast SafAle US-05",NA,1.012,NA
New House English Brown Ale,"8.75 LB Pale Malt
8 oz Dark English Crystal Malt
4 oz Chocolate Malt",1 oz Fuggle Hops,1 oz East Kent Golding Hops,NA,1.047,"White Labs London Ale 013
Wyeast London Ale 1028
Dry Yeast Lallemand Nottingham Ale",NA,1.011,NA
New Zealand Blonde Ale,"9 LB Pale Malt
1 LB Crystal 10L Malt",0.5 oz Motueka Hops,"0.5 oz Motueka Hops
0.5 oz Wai-iti Hops",0.5 oz Wai-iti Hops,1.050,"White Labs London Ale 013
Wyeast London Ale 1028
Dry Yeast SafAle S04",NA,1.012,NA
New Zealand IPA,"11.5 LB Pale Malt
10 oz Crystal 60L Malt
10 oz Flaked Wheat",0.75 oz Nectaron Hops,"0.25 oz Nectaron Hops
1 oz Superdelic Hops",2 oz Wai-Iti Hops,1.063,"White Labs London Ale 013
Wyeast London Ale 1028
Dry Yeast SafAle S04","1 oz Nectaron Hops
1 oz Superdelic Hops",1.016,NA
Oat Dear I Created A Maltster Oat Stout,"12.25 LB Pale Malt
1 LB Roasted Barley
8 oz Golden Naked Oats
6 oz Crystal 120L Malt
8 oz Crystal 40L Malt
1 LB Flaked Oats",0.75 oz Magnum Hops,1 oz Mt. Hood Hops,NA,1.076,"White Labs California Ale 001
Wyeast American Ale 1056
Dry Yeast American West Coast BRY-97",NA,1.018,NA
Oat of Luck Oat Stout,"10.75 LB Pale Malt
12 oz Pale Chocolate Malt
12 oz Roasted Barley
8 oz Crystal 80L
1 LB Flaked Oats",1 oz Northern Brewer Hops,1 oz Willamette Hops,NA,1.066,"White Labs London Ale 013
Wyeast London Ale 1028
Dry Yeast Lallemand Nottingham Ale",NA,1.018,NA
Oatmeal Pale Ale,"8.5 LB Pale Ale Malt
8 oz Crystal 60L Malt
1 LB Flaked Oats",1 oz Cascade Hops,"1 oz Cascade Hops
0.5 oz Mandarina Bavaria Hops",0.5 oz Mandarina Bavaria Hops,1.052,"White Labs California Ale 001
Wyeast American Ale 1056
Dry Yeast SafAle K-97",NA,1.011,NA
Pacific Coast Juicy IPA (NEIPA),"12.5 LB Pale Malt
6 oz Crystal 80L Malt
8 oz Flaked Wheat                                          Aroma
12 oz Flaked Oats","0.5 oz Nugget Hops
0.5 oz Nugget Hops
0.5 oz Simcoe Hops
1 oz Cascade Hops","0.5 oz Simcoe Hops
1 oz Centennial Hops
1 oz Citra Hops",NA,1.069,NA,"1 oz Citra Hops
1 oz Simcoe Hops",1.014,NA
SoCo Plodding Bear Porter,"9 LB Maris Otter Malt
8 oz Crystal 80L
8 oz Chocolate Malt
4 oz Golden Naked Oats
4 oz Black Malt",1 oz East Kent Golding Hops,1 oz Willamette Hops,NA,1.054,"White Labs British Ale 005
Wyeast Ringwood Ale 1187
Dry Yeast SafAle S04",NA,1.014,NA
Pool Floatie Amber Ale,"9.5 LB 2 Row Malt
12 oz Crystal 60L
6 oz Pale Chocolate Malt",1.25 oz Willamette Hops,0.5 oz Willamette Hops,0.25 oz Willamette Hops,1.053,"White Labs California Ale 001
Wyeast American Ale 1056
Dry Yeast American West Coast BRY-97",NA,1.011,NA
Rooftop Sunbathing Juicy IPA (NEIPA),"10 LB 2 Row Malt
6 oz Crystal 10L                                        Notes About My Beer:
6 oz Vienna Malt
1.5 LB Flaked Oats","0.25 oz Sabro Hops
0.25 oz Citra Hops","0.75 oz Sabro Hops
0.75 oz Citra Hops
1 oz Azacca Hops",NA,1.061,NA,"1 oz Azacca Hops
1 oz Citra Hops
1 oz Sabro Hops",1.012,NA
Sabro Pale Ale,"9.75 LB TexMalt Pale Malt
6 oz Vienna Malt
6 oz Crystal 80L",0.25 oz Sabro Hops,0.75 oz Sabro Hops,1 oz Sabro Hops,1.052,"White Labs California Ale 001
Wyeast American Ale 1056
Dry Yeast SafAle US-05",NA,1.011,NA
Sandy Pup Juicy IPA (NEIPA),"10.25 LB 2 Row Malt
12 oz Crystal 10L                                           * Yeast Disclosure: We designed this beer using
12 oz Flaked Wheat                                          Lallemand Verdant IPA yeast. Other yeasts will have
12 oz Flaked Barley",NA,NA,NA,1.062,NA,NA,1.012,NA
Seaside Ride Triple IPA,"15 LB Pale Malt
1.5 LB Crystal 20L Malt
1 LB Flaked Wheat                                           Aroma","2 oz Centennial Hops
1 oz Strata Hops
1.25 oz Amarillo Hops
0.75 oz Amarillo Hops
1 oz Sabro Hops","1 oz Sabro Hops
1 oz Strata Hops",NA,1.102,NA,"1 oz Amarillo Hops
1 oz Sabro Hops",1.016,NA
SoCo 120 Shilling Wee Heavy Ale,"17.25 LB Pale Malt
1.25 LB Crystal 80L
4 oz Chocolate Malt
4 oz Peated Malt
2 oz Black Malt",1.75 oz East Kent Golding Hops,"0.5 oz Fuggle Hops
0.25 oz East Kent Golding Hops",0.5 oz Fuggle Hops,1.095,"White Labs Edinburgh 028
Wyeast Scottish Ale 1728
Dry Yeast SafAle S04",NA,1.024,NA
SoCo 60 Shilling Scottish Light Ale,"5.5 LB Pale Malt
12 oz Crystal 60L
4 oz Chocolate Malt
2 oz Peated Malt
2 oz Black Malt",0.5 oz East Kent Golding Hops,0.5 oz East Kent Golding Hops,NA,1.033,"White Labs Edinburgh 028
Wyeast Scottish Ale 1728
Dry Yeast SafAle S04",NA,1.008,NA
SoCo 70 Shilling Scottish Heavy Ale,"6.5 LB Pale Malt
12 oz Crystal 60L
4 oz Chocolate Malt
2 oz Peated Malt
2 oz Black Malt",0.75 oz East Kent Golding Hops,0.25 oz East Kent Golding Hops,NA,1.038,"White Labs Edinburgh 028
Wyeast Scottish Ale 1728
Dry Yeast SafAle S04",NA,1.010,NA
SoCo 80 Shilling Scottish Export Ale,"9 LB Pale Malt
12 oz Crystal 60L
4 oz Chocolate Malt
2 oz Peated Malt
2 oz Black Malt",1.5 oz East Kent Golding Hops,NA,NA,1.051,"White Labs Edinburgh 028
Wyeast Scottish Ale 1728
Dry Yeast SafAle S04",NA,1.013,NA
SoCo 90 Shilling Wee Heavy Ale,"12.5 LB Pale Malt
1 LB Crystal 80L
4 oz Chocolate Malt
4 oz Peated Malt
2 oz Black Malt",1.5 oz East Kent Golding Hops,0.5 oz East Kent Golding Hops,NA,1.070,"White Labs Edinburgh 028
Wyeast Scottish Ale 1728
Dry Yeast SafAle S04",NA,1.018,NA
SoCo Ahoy Wheaty Wheat Ale,"5.5 LB Pilsen Malt
4 LB White Wheat Malt
6 oz Honey Malt",0.25 oz Strata Hops,0.25 oz Strata Hops,0.25 oz Strata Hops,1.052,"White Labs American Hefeweizen Ale 320
Wyeast American Wheat 1010
Dry Yeast American West Coast BRY-97",NA,1.013,NA
SoCo SIPA Amarillo Armadillo,"8 LB 2 Row Malt
6 oz Crystal 20L Malt
6 oz Carapils Malt",0.5 oz Simcoe Hops,0.25 oz Amarillo Hops,"0.5 oz Simcoe Hops
0.75 oz Amarillo Hops",1.044,"White Labs California Ale 001
Wyeast American Ale 1056
Dry Yeast SafAle US-05",1 oz Amarillo Hop,1.009,NA
SoCo Amarillo Single Hop IPA,"9.5 LB 2 Row Malt
12 oz Munich Malt
12 oz Crystal 40L
8 oz Carapils",1 oz Amarillo Hops,1 oz Amarillo Hops,1 oz Amarillo Hops,1.060,"White Labs California Ale 001
Wyeast American Ale 1056
Dry Yeast SafAle US-05",2 oz Amarillo Hops Text90:,1.013,NA
SoCo Amber Hue,"7.75 LB 2 Row Malt
1 lb Munich Malt
12 oz 60L Malt
6 oz Pale Chocolate Malt",1 oz Mt Hood,NA,NA,1.049,"White Labs Irish Ale 004
Wyeast Irish Ale 1084
Dry Yeast SafAle US-05",NA,1.013,NA
Soco Amberserk Amber Ale,"10 LB 2 Row Malt
2 LB Munich Malt
1 LB Crystal 60L
6 oz Crystal 120L
2 oz Chocolate Malt",1 oz Northern Brewer Hops,0.75 oz Saaz Hops,0.25 oz Saaz Hops,1.067,"White Labs English Ale 002
Wyeast London ESB 1968
Dry Yeast Windsor Ale",NA,1.019,NA
SoCo American Amber Ale,"6.75 LB Pale Ale Malt
2 LB Vienna Malt
12 oz Crystal 40L
4 oz Crystal 120L
3 oz Chocolate Malt",1 oz Cluster Hops,0.75 oz Cluster Hops,NA,1.049,"White Labs California Ale 001
Wyeast American Ale 1056
Dry Yeast American West Coast BRY-97",NA,1.011,NA
SoCo American Barleywine,"17 LB Pale Malt
1 LB Munich Malt
8 oz Crystal 60L
8 oz Pale Chocolate Malt",1.5 oz Chinook Hops,"1 oz Centennial Hops
0.5 oz Chinook Hops",1 oz Centennial Hops,1.094,"White Labs California Ale 001
Wyeast American Ale 1056
Dry Yeast American West Coast BRY-97",NA,1.020,NA
SoCo American Brown Ale,"9 LB Pale Ale Malt
1 LB Vienna Malt
10 oz Chocolate Malt
8 oz Crystal 80L Malt
4 oz Crystal 120L Malt",0.5 oz Chinook Hops,0.25 oz Chinook Hops,0.25 oz Chinook Hops,1.056,"White Labs California Ale V 051
Wyeast American Ale II 1272
Dry Yeast American West Coast BRY-97",NA,1.012,NA
SoCo American Hefeweizen,"6 LB 2 Row Malt
4 LB White Wheat Malt",0.5 oz Mt Hood Hops,0.5 oz Mt Hood Hops,NA,1.055,"White Labs Hefeweizen Ale 300
Wyeast Weihenstephan Weizen 3068
Dry Yeast Munich Classic (Wheat)",NA,1.013,NA
SoCo American Red,"7.5 LB 2 Row Malt
2 lb Munich Malt
1 LB Crystal 60L Malt
8 oz Crystal 120L Malt",1 oz Mt. Hood Hops,0.5 oz Cascade Hops,0.5 oz Cascade Hops,1.054,"White Labs California Ale 001
Wyeast American Ale 1056
Dry Yeast SafAle US-05",NA,1.012,NA
SoCo American Rye Ale,"5 LB Rye Malt
5 LB 2 Row Malt
8 oz Crystal 40L
6 oz Pale Chocolate Malt
4 oz Victory Malt",0.5 oz Simcoe Hops,"0.25 oz Simcoe Hops
0.5 oz Cascade Hops","0.25 oz Simcoe Hops
0.5 oz Cascade Hops",1.050,"White Labs California Ale 001
Wyeast American Ale 1056
Dry Yeast SafAle US-05",NA,1.008,NA
SoCo American Strong Ale,"15 LB Pale Malt
8 oz Crystal 40L
4 oz Pale Chocolate Malt
3 oz Special B",1.5 oz Chinook Hops,"0.5 oz Chinook Hops
0.5 oz Centennial Hops","0.5 oz Centennial Hops
1 oz Simcoe Hops",1.079,"White Labs California Ale 001
Wyeast American Ale 1056
Dry Yeast SafAle US-05",NA,1.015,NA
SoCo American Wheat,"5 LB 2 Row Malt
3.5 LB White Wheat Malt
8 oz Flaked Wheat",0.75 oz Cluster Hops,0.25 oz Cluster Hops,NA,1.046,"White Labs American Hefeweizen Ale 320
Wyeast American Wheat 1010
Dry Yeast American West Coast BRY-97",NA,1.010,NA
SoCo Homebrew 10th Anniversary IPA,"10.75 LB Pale Malt
1 LB Munich Malt
1 LB Crystal 40L Malt
8 oz Carapils",1 oz Warrior Hops,0.5 oz Mosaic Hops,"0.5 oz Mosaic Hops
1 oz Cascade Hops",1.066,"White Labs California Ale 001
Wyeast American Ale 1056
Dry Yeast SafAle US-05",2 oz Mosaic Hops,1.014,NA
SoCo Apricot Saison,"9 LB Belgian Pilsen Malt
2 LB Vienna Malt
8 oz Caravienne Malt",0.75 oz Northern Brewer Hops,0.75 oz Saaz Hops,"0.25 oz Saaz Hops
0.5 oz Coriander Seeds",1.058,"White Labs French Saison 590
Wyeast French Saison 3711
Dry Yeast Mangrove Jack French Saison",NA,1.008,4 oz Apricot Flavoring
SoCo Apricot Wheat Ale,"5 LB 2 Row Malt
3.75 LB White Wheat Malt
12 oz Flaked Wheat",0.75 oz Cluster Hops,0.25 oz Cluster Hops,NA,1.049,"White Labs American Hefeweizen Ale 320
Wyeast American Wheat 1010
Dry Yeast American West Coast BRY-97",NA,1.011,4 oz Apricot Flavoring
SoCo Australian Sparkling Ale,"6 LB 2 Row
3 LB 6 Row
12 oz Crystal 20L",0.25 oz Galaxy Hops,0.5 oz Galaxy Hops,NA,1.048,"White Labs Dry English Ale 007
Wyeast British Ale 1098
Dry Yeast Lallemand Nottingham Ale",NA,1.011,NA
SoCo Bat Bridge Black IPA,"10 LB 2 Row Malt
1 LB Crystal 60L
15 oz BlackPrinz Malt
10 oz Rye Malt
6 oz Carapils Malt",1 oz Centennial Hops,"1 oz Cascade Hops
0.5 oz Simcoe Hops","0.5 oz Simcoe Hops
1 oz Cascade Hops",1.062,"White Labs California Ale 001
Wyeast American Ale 1056
Dry Yeast American West Coast BRY-97",1 oz Centennial Hops,1.013,NA
SoCo Bavarian Hefeweizen,"5.75 LB German Wheat Malt
3.75 LB German Pilsen Malt",0.75 oz Hersbrucker Hops,0.25 oz Hersbrucker Hops,NA,1.050,"White Labs Hefeweizen Ale 300
Wyeast Weihenstephan Weizen 3068
Dry Yeast SafBrew WB-06",NA,1.011,NA
Beach Lounger Amber Ale,"7 LB 2 Row Malt
1 LB Vienna Malt
1 LB Crystal 80L
2 oz Coffee Malt",1 oz East Kent Golding Hops,0.5 oz Crystal Hops,0.5 oz Crystal Hops,1.045,"White Labs California Ale 001
Wyeast American Ale 1056
Dry Yeast SafAle US-05",NA,1.010,NA
SoCo Belgian Dark Strong Ale,"14 LB Pale Ale Malt
3 LB Munich Malt
3 oz Carafa III",1 oz German Magnum Hops,0.5 oz East Kent Golding Hops,NA,1.093,"White Labs Trappist Ale 500
Wyeast Belgian Ale 1214
Dry Yeast SafBrew BE-256 (Abbaye)",NA,1.016,NA
SoCo Belgian Dubbel,"10.5 lb Belgian Pilsen
8 oz Aromatic Malt
4 oz Special B",0.75 oz East Kent Golding Hops,1 oz Styrian Golding Hops,NA,1.063,"White Labs Belgian Abbey Ale 530
Wyeast Trappist High Gravity 3787
Dry Yeast SafBrew BE-256 (Abbaye)",NA,1.009,NA
SoCo Belgian IPA,"11 LB Belgian Pilsen Malt
1 LB Munich Malt
1 LB Caramunich Malt
2 oz Special B","1 oz Magnum Hops
0.5 oz Hallertau Blanc
0.5 oz Mandarina Hops",NA,"0.5 oz Hallertau Blanc
0.5 oz Mandarina Hops
1 oz Hull Melon Hops",1.069,"White Labs Belgian Golden 570
Wyeast Belgian Strong Ale 1388
Dry Yeast Mangrove Jack Belgian Ale",1 oz Mandarina Hops Text90:,1.014,NA
SoCo Belgian Pale Ale,"7 LB Belgian Pilsen Malt
1.5 LB Vienna Malt
8 oz Caramunich
8 oz Biscuit Malt
4 oz Aromatic Malt
2 oz Special B",1.5 oz Czech Saaz Hops,1 oz Tettnang,1 oz Tettnang,1.049,"White Labs Belgian Ale 550
Wyeast Belgian Ardennes 3522
Dry Yeast Mangrove Jack Belgian Ale",NA,1.008,NA
SoCo Belgian Saison,"12 LB Belgian Pilsen Malt
4 oz Caramunich Malt
6 oz Aromatic Malt",0.75 oz Styiran Golding Hops,"0.75 oz Styiran Golding Hops
0.5 oz Loral Hops
0.5 oz Cracked Coriander Seed","0.5 oz Styrian Golding Hops
0.5 oz Loral Hops",1.063,"White Labs Belgian Saison Ale 565
Wyeast Belgian Saison 3724
Dry Yeast No Option",NA,1.018,NA
SoCo Belgian Stout,"12 LB Pale Ale Malt
8 oz Crystal 120L
8 oz Chocolate Malt
8 oz Roasted Barley
4 oz Special B",1.25 oz Northern Brewer Hops,0.5 oz Northern Brewer Hops,NA,1.066,"White Labs Trappist Ale 500
Wyeast Belgian Ale 1214
Dry Yeast Mangrove Jack Belgian Ale",NA,1.015,NA
SoCo Belgian Tripel,"14 lb Belgian Pilsen
8 oz Aromatic Malt",0.75 oz German Magnum,"0.5 oz Tettnang
0.5 oz Saaz","0.5 oz Tettnang
0.5 oz Saaz",1.080,"White Labs Belgian Ale 550
Wyeast Belgian Ardennes 3522
Dry Yeast SafBrew BE-256 (Abbaye)",NA,1.013,NA
SoCo Berliner Weisse,"3.5 LB Pilsen Malt                                 Lactobacillus Options:
3 LB German Wheat Malt",NA,NA,NA,1.034,NA,NA,1.006,NA
NA,"3 LB German Wheat Malt
2.25 LB Pilsen Malt
1.75 LB Acidulated Malt",0.25 oz Hallertau Hops,0.25 oz Hallertau Hops,NA,1.034,"White Labs German Ale/ Kolsch 029
Wyeast German Ale 1007
Dry Yeast SafAle K-97",NA,1.007,NA
SoCo Best Bitter,"8.75 lb Pale Malt
1 lb Crystal 60L
4 oz Biscuit Malt
1 oz Chocolate Malt","1 oz East Kent Golding
0.25 oz Fuggle",0.75 oz Fuggle,1 oz Fuggle,1.050,"White Labs English Ale 002
Wyeast London ESB 1968
Dry Yeast Mangrove Jack Liberty Bell",NA,1.016,NA
SoCo Black IPA,"12 LB Pale Malt
1 LB Midnight Wheat Malt
12 oz Crystal 80L
8 oz Carafoam
4 oz Pale Chocolate Malt",1 oz Simcoe Hops,"0.75 oz Simcoe Hops
0.5 oz Centennial Hops
1 oz Cascade Hops","0.25 oz Simcoe Hops
0.5 oz Centennial Hops",1.071,"White Labs California Ale 001
Wyeast American Ale 1056
Dry Yeast American West Coast BRY-97","1 oz Centennial Hops
1 oz Simcoe Hops",1.014,NA
SoCo Black Licorice Porter,"11 LB Pale Ale Malt
12 oz Crystal 60L
8 oz Chocolate Malt
8 oz Midnight Wheat Malt","1 oz Cluster Hops
0.25 oz Willamette Hops",0.5 oz Willamette Hops,0.25 oz Willamette Hops,1.062,"White Labs California Ale V 051
Wyeast Northwest Ale 1332
Dry Yeast SafAle US-05",NA,1.014,NA
NA,"8.5 lb 2 Row Malt
12 oz Flaked Wheat
8 oz Crystal 10L","0.75 oz Mt Hood Hops
0.25 oz Mt Hood Hops",NA,NA,1.048,"White Labs American Ale Blend 060
Wyeast American Ale II 1272
Dry Yeast American West Coast BRY-97",NA,1.011,4 oz Blackberry Flavoring
SoCo Blackberry Wheat Ale,"5 LB 2 Row Malt
3.75 LB White Wheat Malt
12 oz Flaked Wheat",0.75 oz Cluster Hops,0.25 oz Cluster Hops,NA,1.049,"White Labs American Hefeweizen Ale 320
Wyeast American Wheat 1010
Dry Yeast American West Coast BRY-97",NA,1.011,4 oz Blackberry Flavoring
SoCo Blonde,"8.5 LB 2 Row Malt
1.25 LB Crystal 10L Malt
8 oz Carapils",0.75 oz Cluster Hops,0.25 oz Cluster Hops,NA,1.051,"White Labs American Ale Blend 060
Wyeast American Ale II 1272
Dry Yeast American West Coast BRY-97",NA,1.012,NA
NA,"8.5 lb 2 Row Malt
12 oz Flaked Wheat
8 oz Crystal 10L","0.75 oz Mt Hood Hops
0.25 oz Mt Hood Hops",NA,NA,1.048,"White Labs American Ale Blend 060
Wyeast American Ale II 1272
Dry Yeast American West Coast BRY-97",NA,1.011,4 oz Blueberry Flavoring
SoCo Blueberry Wheat Ale,"5 LB 2 Row Malt
3.75 LB White Wheat Malt
12 oz Flaked Wheat",0.75 oz Cluster Hops,0.25 oz Cluster Hops,NA,1.049,"White Labs American Hefeweizen Ale 320
Wyeast American Wheat 1010
Dry Yeast American West Coast BRY-97",NA,1.011,4 oz Blueberry Flavoring
SoCo Breezy Nights Black Ale,"9.75 LB Pale Malt
8 oz Crystal 80L
1 LB BlackPrinz Malt",0.75 oz Galena Hops,0.25 oz Galena Hops,NA,1.054,"White Labs Dry English Ale 007
Wyeast British Ale 1098
Dry Yeast Lallemand Nottingham Ale",NA,1.013,NA
SoCo British Golden Ale,"7 LB Pale Ale Malt
1 LB White Wheat Malt
6 oz Crystal 40L Malt",1.5 oz East Kent Golding Hops,0.5 oz East Kent Golding Hops,NA,1.042,"White Labs Dry English Ale 007
Wyeast British Ale 1098
Dry Yeast SafAle S04",NA,1.008,NA
SoCo British Strong Ale,"12.5 LB Maris Otter
12 oz Crystal 80L
4 oz Chocolate Malt",1.5 oz Northern Brewer Hops,1 oz Fuggle Hops,NA,1.070,"White Labs Dry English Ale 007
Wyeast British Ale 1098
Dry Yeast SafAle S04",NA,1.017,NA
SoCo Brown IPA,"11 LB Pale Ale Malt
8 oz Special Roast
8 oz Coffee Malt
8 oz Crystal 80L",0.5 oz Nugget Hops,"0.5 oz Nugget Hops
1 oz Falconer's Flight Hops",1 oz Falconer's Flight Hops,1.065,"White Labs California Ale V 051
Wyeast Northwest Ale 1332
Dry Yeast American West Coast BRY-97",1 oz Falconer's Flight Hops Text90:,1.017,NA
SoCo Brown Porter,"8.5 LB Maris Otter
1 LB Crystal 60L
12 oz Brown Malt
8 oz Chocolate Malt",1 oz East Kent Golding Hops,1 oz Willamette Hops,NA,1.055,"White Labs London Ale 013
Wyeast London Ale 1028
Dry Yeast SafAle S04",NA,1.015,NA
SoCo California Common Steam Beer,"9.75 LB 2 Row Malt
1.25 LB Crystal 60L",1 oz Mt. Hood Hops,0.5 oz Nugget Hops,0.5 oz Nugget Hops,1.054,"White Labs San Francisco Lager 810
Wyeast California Lager 2112
Dry Yeast Mangrove Jack California Lager",NA,1.017,NA
SoCo Cascadian Dark Ale (Black IPA),"10 LB 2 Row Malt
12 oz Midnight Wheat Malt
8 oz Rye Malt
8 oz Crystal Rye Malt
12 oz Flaked Barley",0.75 oz Warrior Hops,"0.25 oz Warrior Hops
0.5 oz Chinook Hops
1 oz Cascade Hops","0.5 oz Chinook Hops
1 oz Cascade Hops",1.061,"White Labs California Ale 001
Wyeast American Ale 1056
Dry Yeast SafAle US-05",1 oz Chinook Hops,1.014,NA
SoCo Centennial IPA,"12.5 LB 2 Row Malt
8 oz Crystal 40L",1 oz Centennial Hops,1 oz Centennial Hops,NA,1.065,"White Labs California Ale 001
Wyeast American Ale 1056
Dry Yeast SafAle US-05",2 oz Centennial Hops Text90:,1.016,NA
SoCo Chocolate Milk Stout,"7.5 LB Pale Malt
1 LB Munich Malt
12 oz Pale Chocolate Malt
12 oz Roasted Barley
12 oz Crystal 60L
12 oz Flaked Oats",1 oz Cluster Hops,"1 oz Willamette Hops
4 oz Cacao Nibs",NA,1.062,"White Labs California Ale 001
Wyeast American Ale 1056
Dry Yeast SafAle US-05",NA,1.019,NA
NA,"5 LB Pale Malt
5 LB Maris Otter
12 oz Pale Chocolate Malt
8 oz Crystal 60L
6 oz Roasted Barley","1.5 oz Willamette Hops
0.5 oz Willamette Hops",NA,4 oz Cacao Nibs,1.058,"White Labs London Ale 013
Wyeast London Ale 1028
Dry Yeast Lallemand Nottingham Ale",NA,1.013,NA
SoCo Chocolate Stout,"8.5 LB Maris Otter
12 oz Chocolate Malt
12 oz Crystal 40L
6 oz Roasted Barley
8 oz Flaked Barley",1 oz Galena Hops,"1 oz Willamette Hops
4 oz Cacao Nibs",NA,1.055,"White Labs Dry English Ale 007
Wyeast British Ale 1098
Dry Yeast Lallemand Nottingham Ale",NA,1.013,NA
SoCo Christmas IPA,"11 LB 2 Row Malt
1.25 LB Munich Malt
1 LB Crystal 60L Malt
6 oz Biscuit Malt
4 oz Pale Chocolate Malt",1 oz Centennial Hops,"1 oz Cascade Hops
0.5 oz Simcoe Hops","1 oz Cascade Hops
0.5 oz Simcoe Hops",1.069,"White Labs American Ale Blend 060
Wyeast American Ale II 1272
Dry Yeast American West Coast BRY-97",1 oz Simcoe Hops Text90:,1.017,NA
Citra & Amarillo Juicy IPA (NEIPA),"10.75 LB 2 Row Malt
8 oz Crystal 10L                                        Notes About My Beer:
6 oz Honey Malt
12 oz Flaked Wheat
12 oz Flaked Oats",NA,"2 oz Amarillo Hops
2 oz Citra Hops",NA,1.066,NA,"1 oz Amarillo Hops
1 oz Citra Hops",1.015,NA
SoCo Citra Blonde Ale,"8.5 LB 2 Row Malt
8 oz Vienna Malt
8 oz Crystal 10L",0.5 oz Citra Hops,0.25 oz Citra Hops,NA,1.049,"White Labs American Ale Blend 060
Wyeast American Ale II 1272
Dry Yeast American West Coast BRY-97",NA,1.010,NA
SoCo Citra IPA,"12 LB 2 Row Malt
1 LB Crystal 20L",0.25 oz Citra,0.50 oz Citra,NA,1.065,"White Labs California Ale V 051
Wyeast Northwest Ale 1332
Dry Yeast American West Coast BRY-97",2 oz Citra,1.018,NA
Citra Juicy IPA (NEIPA),"10 LB 2 Row Malt
8 oz Crystal 10L                                    Notes About My Beer:
6 oz Honey Malt
2 LB Flaked Oats",1 oz Citra Hops,2 oz Citra Hops,NA,1.064,NA,2 oz Citra Hops,1.015,NA
SoCo Citra Pale Ale,"8.5 LB Pale Malt
12 oz Crystal 40L
8 oz Carapils",0.5 oz Citra Hops,0.5 oz Citra Hops,1 oz Citra Hops,1.048,"White Labs California Ale 001
Wyeast American Ale 1056
Dry Yeast American West Coast BRY-97",1 oz Citra Hops,1.010,NA
NA,13 LB 2 Row Malt,0.25 oz Citra,0.5 oz Citra,NA,1.065,"White Labs California Ale V 051
Wyeast Northwest Ale 1332
Dry Yeast American West Coast BRY-97",2 oz Citra,1.018,NA
SoCo CitSim Pale Ale,"9.25 LB 2 Row Malt
12 oz Crystal 40L Malt
4 oz Carapils Malt",0.75 oz Citra Hop,0.25 oz Simcoe Hop,"0.75 oz Simcoe Malt
0.25 oz Citra Hop",1.051,"White Labs California Ale 001
Wyeast American Ale 1056
Dry Yeast SafAle US-05",NA,1.010,NA
SoCo Coconut Porter,"11 LB Pale Malt
12 oz Crystal 80L Malt
10 oz Pale Chocolate Malt
8 oz Black Malt",0.75 oz Sabro Hops,0.25 oz Sabro Hops,NA,1.062,"White Labs Dry English Ale 007
Wyeast British Ale 1098
Dry Yeast SafAle S04",4 oz Toasted Coconut Chips Text90:,1.017,NA
SoCo Coconut Wheat Ale,"5 LB Pilsen Malt
3 LB White Wheat Malt
12 oz Flaked Wheat",0.5 oz Cashmere Hops,0.5 oz Cashere Hops,NA,1.045,"White Labs American Hefeweizen Ale 320
Wyeast American Wheat 1010
Dry Yeast American West Coast BRY-97",NA,1.009,4 oz Coconut Flavoring
SoCo Columbus IPA,"12.5 LB 2 Row Malt
8 oz Crystal 60L",0.75 oz Columbus (CTZ) Hops,0.75 oz Columbus (CTZ) Hops,0.5 oz Columbus (CTZ) Hops,1.065,"White Labs California Ale 001
Wyeast American Ale 1056
Dry Yeast SafAle US-05",2 oz Columbus (CTZ) Hops Text90:,1.014,NA
SoCo Dark Mild,"6.25 lb Maris Otter
8 oz Crystal 60L
2 oz Crystal 120L
6 oz Chocolate Malt",0.75 oz East Kent Golding Hops,0.25 oz East Kent Golding Hops,NA,1.037,"White Labs British Ale 005
Wyeast Ringwood Ale 1187
Dry Yeast SafAle S04",NA,1.009,NA
SoCo Dark Wheat Ale,"5 LB 2 Row Malt
3.5 LB White Wheat Malt
12 oz Chocolate Wheat Malt
8 oz Crystal 40L
12 oz Flaked Wheat",0.5 oz Falconer's Flight Hops,NA,0.5 oz Falconer's Flight Hops,1.053,"White Labs California Ale 001
Wyeast American Ale 1056
Dry Yeast American West Coast BRY-97",NA,1.012,NA
SoCo Doppelbock,"13 LB Munich Malt
4 LB Vienna
12 oz Caramunich
3 oz Carafa II",0.75 oz Northern Brewer,1 oz Saaz,NA,1.090,"White Labs German Bock 833
Wyeast Bavarian Lager 2206
Dry Yeast SafLager S23",NA,1.022,NA
SoCo Double Brown Ale,"11.5 LB Maris Otter
1 LB Crystal 80L
8 oz Pale Chocolate Malt
6 oz Black Malt
6 oz Brown Malt
6 oz Special Roast",1 oz Cluster Hops,0.5 oz Cascade Hops,0.5 oz Cascade Hops,1.071,"White Labs Edinburgh 028
Wyeast Scottish Ale 1728
Dry Yeast SafAle S04",NA,1.018,NA
SoCo Double Chocolate Stout,"12 LB Maris Otter
1 LB Chocolate Malt
8 oz Crystal 40L
4 oz Roasted Barley
8 oz Flaked Barley",1 oz Galena Hops,"1 oz Willamette Hops
4 oz Cacao Nibs",NA,1.072,"White Labs Dry English Ale 007
Wyeast British Ale 1098
Dry Yeast Lallemand Nottingham Ale",NA,1.017,NA
SoCo Double Wit,"7 LB Belgian Pilsen Malt
6 LB German Wheat Malt
1 LB Flaked Oats",1 oz Hallertau Hops,"0.75 oz Saaz Hops
0.5 oz Bitter Orange Peel
0.5 oz Coriander Seed",NA,1.073,"White Labs Belgian Wit Ale 400
Wyeast Belgian Witbier 3944
Dry Yeast Mangrove Jack Belgian Wit",NA,1.016,NA
SoCo Dunkelweizen,"6 LB German Wheat Malt
3 LB German Pilsen Malt
8 oz Caramunich Malt
6 oz Midnight Wheat",1 oz Hersbrucker Hops,1 oz Hersbrucker Hops,NA,1.051,"White Labs Hefeweizen Ale 300
Wyeast Weihenstephan Weizen 3068
Dry Yeast Lallemand Munich Classic",NA,1.011,NA
SoCo Eclipse Black Blonde Ale,"7.75 LB Wildfire Pale Malt
12 oz White Wheat Malt
12 oz Midnight Wheat
8 oz Crystal 10L Malt",0.5 oz Falconer's Flight Hops,NA,0.5 oz Falconer's Flight Hops,1.048,"White Labs California Ale 001
Wyeast American Ale 1056
Dry Yeast American West Coast BRY-97",NA,1.010,NA
SoCo Eclipse Black IPA,"10 LB Wildfire Pale Malt
12 oz White Wheat Malt
12 oz Midnight Wheat Malt
8 oz Crystal 60L Malt
4 oz Crystal 120L Malt",0.75 oz Warrior Hops,"0.5 oz Falconer's Flight Hops
0.5 oz Nectaron Hops","0.5 oz Falconer's Flight Hops
0.5 oz Nectaron Hops",1.061,"White Labs California Ale 001
Wyeast American Ale 1056
Dry Yeast American West Coast BRY-97",1 oz Nectaron Hops,1.013,NA
SoCo English Barleywine,"17 LB Maris Otter Ale
12 oz Crystal 80L
4 oz Pale Chocolate Malt",1 oz German Magnum Hops,0.5 oz German Magnum Hops,NA,1.091,"White Labs Dry English Ale 007
Wyeast London Ale 1028
Dry Yeast Lallemand Nottingham Ale",NA,1.019,NA
SoCo English Brown Ale,"7.25 lb Pale Malt
12 oz Special Roast Malt
6 oz Crystal 80L
8 oz Brown Malt
4 oz Chocolate Malt
12 oz Carapils Malt",1 oz Kent Golding Hop,0.5 oz Fuggle Hops,0.5 oz Fuggle Hops,1.048,"White Labs Dry English Ale 007
Wyeast Thames Valley Ale 1275
Dry Yeast Windsor Ale",NA,1.011,NA
SoCo English IPA,"12.5 LB Pale Ale
8 oz Special Roast
10 oz English Crystal Light",1 oz German Magnum Hops,1 oz Fuggle Hops,1 oz East Kent Golding Hops,1.067,"White Labs British Ale 005
Wyeast Ringwood Ale 1187
Dry Yeast Lallemand Nottingham Ale",1 oz Fuggle Hops,1.016,NA
SoCo English Porter,"8.75 LB Maris Otter
1 LB Crystal 80L
10 oz Chocolate Malt
4 oz Special Roast",1 oz East Kent Golding Hops,1 oz Fuggle Hops,NA,1.054,"White Labs English Ale 002
Wyeast London ESB 1968
Dry Yeast Lallemand Nottingham Ale",NA,1.016,NA
SoCo ESB,"8.75 LB Pale Ale Malt
1.25 lb 60L Malt
10 oz Carapils Malt
6 oz Special B Malt",1 oz Northern Brewer Hops,0.75 oz East Kent Golding Hops,1.25 oz East Kent Golding Hops,1.054,"White Labs Dry English Ale 007
Wyeast Thames Valley Ale 1275
Dry Yeast SafAle S04",NA,1.012,NA
SoCo Falconer's Flight Pale Ale,"9 LB 2 Row Malt
1 LB Crystal 40L",0.75 oz Falconer's Flight 7C's,0.5 oz Falconer's Flight 7C's,0.75 oz Falconer's Flight 7C's,1.050,"White Labs California Ale 001
Wyeast American Ale 1056
Dry Yeast SafAle US-05",NA,1.011,NA
SoCo Faux Coffee Stout,"7.5 LB Pale Malt
1 LB Munich Malt
12 oz Roasted Barley
12 oz Coffee Malt
12 oz Crystal 80L
1 LB Flaked Oats",1 oz Nugget Hops,"1 oz East Kent Golding Hops
1 oz Chicory Root",NA,1.056,"White Labs California Ale V 051
Wyeast Northwest Ale 1332
Dry Yeast SafAle US-05",NA,1.009,NA
SoCo Flying Kiwi Pale Ale,"11 LB Pale Malt
1 LB Crystal 10L Malt
4 oz Honey Malt",0.75 oz Superdelic Hops,"0.25 oz Superdelic Hops
0.5 oz Motueka Hops",0.5 oz Motueka Hops,1.061,"White Labs Pacific Ale 041
Wyeast Northwest Ale 1332
Dry Yeast American West Coast BRY-97",NA,1.019,NA
SoCo Gose,"4 LB German Pilsen Malt
3.5 LB German Wheat Malt
1.75 LB Acidulated Malt",0.5 oz Tettnang Hop,"0.25 oz Tettnang Hops
0.5 oz Coriander Seeds",0.5 oz Sea Salt,1.045,"White Labs German Ale/ Kolsch 029
Wyeast Kolsch Ale 2565
Dry Yeast SafAle K-97",NA,1.011,NA
SoCo Gose (Kettle Sour),"4 LB Pilsen Malt
4.5 LB German Wheat Malt",NA,NA,NA,1.044,NA,NA,1.009,NA
SoCo Goud Belgian Pale,"7 LB Belgian Pilsen Malt
1 LB Vienna Malt
1 LB Caramunich
8 oz Aromatic Malt
2 oz Special B",0.5 oz Northern Brewer Hops,"0.5 oz Northern Brewer Hops
0.5 oz Styrian Golding Hops",0.5 oz Styrian Golding Hops,1.047,"White Labs Belgian Ale 550
Wyeast Belgian Ardennes 3522
Dry Yeast Mangrove Jack Belgian Ale",NA,1.008,NA
NA,"12 LB 2 Row Malt
12 oz Crystal 20L Malt
8 oz Carapils","0.75 oz Chinook Hops
1 oz Centennial Hops
0.5 oz Simcoe Hops
1 oz Grapefruit Peel",NA,"1 oz Centennial Hops
0.5 oz Simcoe Hops
0.25 oz Chinook Hops",1.066,"White Labs California Ale 001
Wyeast American Ale 1056
Dry Yeast American West Coast BRY-97","1 oz Centennial Hops
1 oz Simcoe Hops",1.013,NA
NA,5.5 LB Oak Smoked Wheat,"2 oz Saaz Hops
1 oz Saaz Hops",NA,NA,1.029,"White Labs German Ale/ Kolsch 029
Wyeast German Ale 1007
Dry Yeast SafAle K-97",NA,1.006,NA
SoCo Hefeweizen,"5 LB White Wheat Malt
4.5 LB German Pilsen",0.75 oz Hallertau Hops,0.25 oz Hallertau Hops,NA,1.049,"White Labs Hefeweizen Ale 300
Wyeast Weihenstephan Weizen 3068
Dry Yeast SafBrew WB-06",NA,1.011,NA
SoCo Holiday Stout,"10.5 LB Pale Ale Malt
1 LB Crystal 80L
12 oz Black Malt
8 oz Special B Malt
4 oz Victory",1 oz Galena Hops,1 oz Loral Hops,NA,1.063,"White Labs California Ale 001
Wyeast American Ale 1056
Dry Yeast SafAle US-05",NA,1.014,NA
SoCo Honey Badger Brown,"8 lb Pale Malt
8 oz Brown Malt
12 oz Honey Malt
12 oz Victory Malt
3 oz Chocolate Malt",1 oz Kent Golding Hop,NA,NA,1.050,"White Labs Dry English Ale 007
Wyeast British Ale 1098
Dry Yeast SafAle S04",NA,1.012,NA
SoCo Honey Wheat,"5 LB 2 Row Malt
3 LB White Wheat Malt
8 oz Flaked Wheat
14 oz Honey Malt",1 oz Mt Hood Hops,NA,NA,1.049,"White Labs American Hefeweizen Ale 320
Wyeast American Wheat 1010
Dry Yeast SafAle US-05",NA,1.011,NA
SoCo Hoppy Wheat,"5 LB White Wheat Malt
4 LB 2 Row Malt
1 LB Vienna Malt
8 oz Caracystal Wheat Malt",0.5 oz Nectaron Hops,0.75 oz Nectaron Hops,0.5 oz Nectaron Hops,1.054,"White Labs American Hefeweizen Ale 320
Wyeast American Wheat 1010
Dry Yeast American West Coast BRY-97",NA,1.011,NA
SoCo Imperial Blonde Ale,"11.5 LB 2 Row Malt
1 LB White Wheat Malt
1 LB Crystal 10L",0.5 oz Citra Hops,0.5 oz Cascade Hops,0.5 oz Citra Hops,1.067,"White Labs California Ale 001
Wyeast American Ale 1056
Dry Yeast SafAle US-05",NA,1.015,NA
SoCo Imperial Irish Red Ale,"12 LB Pale Malt
2 LB Munich Malt
1 LB Crystal 60L
4 oz Crystal 120L
2 oz Pale Chocolate Malt",1.5 oz East Kent Golding Hops,0.5 oz East Kent Golding Hops,1 oz Willamette Hops,1.076,"White Labs Irish Ale 004
Wyeast Irish Ale 1084
Dry Yeast SafAle S04",NA,1.020,NA
SoCo Imperial Nut Brown Ale,"12.75 LB Maris Otter Malt
12 oz Crystal 40L
12 oz Special Roast
12 oz Biscuit Malt
5 oz Chocolate Malt",0.75 oz German Magnum Hops,"0.5 oz Fuggle Hops
0.25 oz German Magnum Hops",0.5 oz Fuggle Hops,1.078,"White Labs Dry English Ale 007
Wyeast British Ale 1098
Dry Yeast SafAle S04",NA,1.018,NA
IPA IPA Double IPA,"13 LB Pale Ale Malt
1 LB White Wheat Malt                                    Notes About My Beer:
1 LB Crystal 40L
8 oz Carafoam","0.5 oz CTZ Hops
0.5 oz Simcoe Hops
0.5 oz CTZ Hops
0.5 oz Citra Hops
0.5 oz Simcoe Hops
1 oz Centennial Hops
0.5 oz Citra Hops","1 oz Amarillo Hops
1 oz Centennial Hops
1 oz Simcoe Hops",NA,1.077,NA,"1 oz Centennial Hops
1 oz Simcoe Hops",1.017,NA
SoCo Irish Extra Stout,"10 LB Pale Malt
12 oz Roasted Barley
8 oz Chocolate Malt
4 oz Crystal 120L
1 LB Flaked Barley",2.5 oz East Kent Golding Hops,NA,0.5 oz East Kent Golding Hops,1.060,"White Labs Irish Ale 004
Wyeast Irish Ale 1084
Dry Yeast American West Coast BRY-97",NA,1.016,NA
SoCo Irish Red,"6 LB Pale Malt
3 LB Munich Malt
1 LB CaraRed Malt
8 oz Crystal 120L Malt",1 oz East Kent Golding Hops,0.5 oz Cascade Hops,0.5 oz Cascade Hops,1.052,"White Labs Irish Ale 004
Wyeast Irish Ale 1084
Dry Yeast SafAle US-05",NA,1.014,NA
SoCo Irish Stout,"7.5 LB Pale Malt
12 oz Chocolate Malt
8 oz Roasted Barley
12 oz Flaked Barley",1 oz Northern Brewer Hops,0.25 oz East Kent Golding Hops,0.75 oz East Kent Golding,1.046,"White Labs Irish Ale 004
Wyeast Irish Ale 1084
Dry Yeast SafAle S04",NA,1.012,NA
SoCo Island Chicken Pale Ale,"10 LB Pale Ale Malt
1 LB Crystal 10L
4 oz Honey Malt",0.75 oz Superdelic Hops,"0.25 oz Superdelic Hops
0.5 oz Motueka Hops",0.5 oz Motueka Hops,1.053,"White Labs Pacific Ale 041
Wyeast Northwest Ale 1332
Dry Yeast SafAle US-05",NA,1.013,NA
SoCo Leaky Tent American Stout,"9.5 LB Pale Malt
1 LB Munich Malt
12 oz Crystal 40L
12 oz Coffee Malt
12 oz Black Malt",1 oz Chinook Hops,0.5 oz Cascade Hops,0.5 oz Cascade Hops,1.062,"White Labs California Ale V 051
Wyeast Northwest Ale 1332
Dry Yeast SafAle US-05",NA,1.016,NA
SoCo Light Blonde Ale,"6.5 LB Pale Ale Malt
8 oz Crystal 10L
6 oz Carafoam",0.5 oz Mt. Hood Hops,0.5 oz Mt. Hood Hops,NA,1.036,"White Labs California Ale 001
Wyeast American Ale 1056
Dry Yeast American West Coast BRY-97",NA,1.008,NA
SoCo London Brown Ale,"6.75 lb Maris Otter
12 oz Crystal 60L
8 oz Chocolate Malt
4 oz Biscuit Malt
4 oz Crystal 120L",1 oz East Kent Golding,NA,NA,1.043,"White Labs British Ale 005
Wyeast Ringwood Ale 1187
Dry Yeast Lallemand Nottingham Ale",NA,1.012,NA
SoCo Maddie's English Porter,"9 LB Maris Otter
1 LB Crystal 80L
12 oz Chocolate Malt
4 oz Special Roast",1.5 oz East Kent Golding,0.5 oz East Kent Golding,NA,1.057,"White Labs English Ale 002
Wyeast London ESB 1968
Dry Yeast SafAle S04",NA,1.018,NA
SoCo McKinney Falls Pale Ale,"9 LB 2 Row Malt
1 LB Crystal 40L
8 oz Carafoam",1 oz Cascade Hops,"0.5 oz Cascade Hops
0.5 oz Simcoe Hops","0.5 oz Simcoe Hops
0.5 oz Cascade Hops",1.052,"White Labs California Ale 001
Wyeast American Ale 1056
Dry Yeast American West Coast BRY-97",NA,1.011,NA
Menchacaweizen Hefeweizen,"4 LB German Pilsen Malt
6 LB White Wheat Malt
4 oz Carafoam",1 oz Hersbrucker Hops,1 oz Hersbrucker Hops,NA,1.054,"White Labs Hefeweizen Ale 300
Wyeast Weihenstephan Weizen 3068
Dry Yeast Munich Classic (Wheat)",NA,1.013,NA
SoCo Milk Stout,"7.5 LB Pale Malt
1 LB Munich Malt
12 oz Pale Chocolate Malt
12 oz Roasted Barley
12 oz Crystal 60L
12 oz Flaked Oats",1 oz Cluster Hops,1 oz Willamette Hops,NA,1.062,"White Labs California Ale 001
Wyeast American Ale 1056
Dry Yeast SafAle US-05",NA,1.019,NA
SoCo Milkshake IPA,"10 LB 2 Row Malt
1 LB Honey Malt                                      Notes About My Beer:
1.5 LB Flaked Oats",1 oz Mosaic Hops,"1 oz Mosaic Hops
1 oz Citra Hops
1 oz Huell Melon Hops",NA,1.069,NA,"1 oz Mosaic Hops
1 oz Citra Hops",1.019,NA
SoCo Moontower White,"5 LB Belgian Pilsen Malt
4 LB White Wheat Malt
12 oz Flaked Wheat Malt",0.75 oz Mt. Hood Hops,"0.25 oz Mt. Hood Hops
0.5 oz Coriander Seed
0.5 oz Bitter Orange Peel",NA,1.050,"White Labs Belgian Wit Ale 400
Wyeast Belgian Witbier 3944
Dry Yeast Mangrove Jack Belgian Wit",NA,1.012,NA
SoCo Mosaic SMaSH IPA,13 LB 2 Row Malt,0.5 oz Mosaic,0.5 oz Mosaic,NA,1.065,"White Labs California Ale V 051
Wyeast Northwest Ale 1332
Dry Yeast American West Coast BRY-97",2 oz Mosaic,1.017,NA
SoCo Mugwort Lemon Gruit,"9.25 LB Pale Malt
1 LB Crystal 40L
6 oz Pale Chocolate Malt",0.75 oz Mugwort,"0.5 oz Lemon Peel
0.25 oz Mugwort",NA,1.052,"White Labs Irish Ale 004
Wyeast Irish Ale 1084
Dry Yeast SafAle US-05",NA,1.014,NA
SoCo Mugwort Red Ale,"9.25 LB Pale Malt
1 LB Crystal 40L
6 oz Pale Chocolate Malt",1 oz East Kent Golding Hops,0.5 oz Mugwort,0.5 oz Mugwort,1.052,"White Labs Irish Ale 004
Wyeast Irish Ale 1084
Dry Yeast SafAle US-05",NA,1.014,NA
SoCo Nut Brown,"8.25 LB Maris Otter
10 oz Biscuit Malt
4 oz Chocolate Malt
4 oz Special Roast
4 oz Crystal 80L",1 oz East Kent Golding Hops,1 oz East Kent Golding Hops,NA,1.049,"White Labs British Ale 005
Wyeast London Ale III 1318
Dry Yeast Lallemand Nottingham Ale",NA,1.012,NA
SoCo Oat Stout,"7 lb Pale Ale Malt
2 lb Maris Otter Malt
12 oz Black Malt
12 oz Crystal 80L Malt
8 oz Brown Malt
12 oz Flaked Oats",1 oz Northern Brewer Hops,0.75 oz East Kent Golding Hops,NA,1.057,"White Labs London Ale 013
Wyeast London Ale 1028
Dry Yeast Lallemand Nottingham Ale",NA,1.016,NA
Oatmeal Brown Ale,"9 LB Pale Malt
8 oz Golden Naked Oats
8 oz Crystal 80L
6 oz Chocolate Malt
4 oz Special B Malt
8 oz Flaked Oats",1 oz East Kent Golding Hops,0.75 oz East Kent Golding Hops,0.25 oz East Kent Golding Hops,1.054,"White Labs English Ale 002
Wyeast London ESB 1968
Dry Yeast Windsor Ale",NA,1.016,NA
SoCo Oktoberfest,"3.5 LB German Pilsen Malt
3 LB Munich Malt
3 LB Vienna Malt
12 oz Caramunich Malt
8 oz Carafoam
4 oz Biscuit Malt",1 oz Hallertau Hop,1 oz Tettnang Hop,NA,1.055,"White Labs Oktoberfest/ Marzen Lager 820
Wyeast Oktoberfest 2633
Dry Yeast SafLager S23",NA,1.016,NA
SoCo Old Ale,"14 LB Maris Otter
1 LB Crystal 80L
3 oz Chocolate Malt",0.75 oz German Magnum Hops,"0.25 oz German Magnum Hops
1 oz East Kent Golding",NA,1.076,"White Labs British Ale 005
Wyeast Ringwood Ale 1187
Dry Yeast Lallemand Nottingham Ale",NA,1.022,NA
SoCo Ordinary Bitter,"6.5 LB Maris Otter
12 oz Crystal 40L
2 oz Chocolate Malt",1.5 oz East Kent Golding Hops,0.5 oz East Kent Golding Hops,NA,1.038,"White Labs English Ale 002
Wyeast London ESB 1968
Dry Yeast SafAle S04",NA,1.010,NA
SoCo Passion Fruit Saison,"10 LB Belgian Pilsen Malt
1 LB Vienna Malt
12 oz Crystal 40L",0.75 oz Cashmere Hops,0.25 oz Cashmere Hops,0.5 oz Cracked Coriander Seeds,1.059,"White Labs French Saison 590
Wyeast French Saison 3711
Dry Yeast Mangrove Jack French Saison",NA,1.009,4 oz Passion Fruit Flavoring
SoCo Patersbier,"9.25 LB Belgian Pilsen Malt
6 oz Caramel Vienna Malt",1 oz Hallertau Hops,1 oz Saaz Hops,NA,1.048,"White Labs Trappist Ale 500
Wyeast Belgian Ale 1214
Dry Yeast SafBrew BE-256 (Abbaye)",NA,1.010,NA
SoCo Pecan Brown Ale,"8.5 LB Pale Malt
12 oz Crystal 80L
8 oz Pale Chocolate Malt
8 oz Victory Malt
8 oz Brown Malt",0.75 oz Cluster Hops,0.5 oz Willamette Hops,0.5 oz Willamette Hops,1.053,"White Labs California Ale 001
Wyeast American Ale 1056
Dry Yeast SafAle US-05",NA,1.011,4 oz Pecan Flavoring
SoCo Pecan Porter,"11 LB 2 Row Malt
1 LB Crystal 80L
10 oz Black Malt
12 oz Chocolate Malt",1.5 oz Willamette Hops,NA,NA,1.064,"White Labs California Ale 001
Wyeast American Ale 1056
Dry Yeast American West Coast BRY-97",NA,1.012,NA
SoCo Pennybacker Double IPA,"13 lb 2 Row Malt
1 lb Crystal 60L Malt
8 oz Rye Malt
6 oz Carapils Malt
2 oz Crystal 120L Malt","1 oz Chinook Hops
0.25 oz Falconer's Flight Hops",0.75 oz Falconer's Flight Hops,1 oz Simcoe Hops,1.074,"White Labs San Diego Super Yeast 090
Wyeast American Ale 1056
Dry Yeast American West Coast BRY-97",1 oz Amarillo Hop,1.016,NA
Peppermint Chocolate Milk Stout,"10 LB Pale Ale Malt
2 LB Munich Malt
12 oz Chocolate Malt
8 oz Roasted Barley
6 oz Crystal 120L",1 oz Northern Brewer Hops,"1 oz Golding Hops
4 oz Cacao Nibs",1 oz Peppermint Leaves,1.073,"White Labs Trappist Ale 500
Wyeast Trappist High Gravity 3787
Dry Yeast SafBrew BE-256 (Abbaye)",NA,1.017,NA
SoCo Pink Boots Society Red Ale,"5 LB 2 Row Malt
1.5 LB Vienna Malt
1 LB Victory Malt
1 LB Crystal 60L
8 oz Cystal 40L
4 oz Special B",0.75 oz Cascade,1 oz Willamette,NA,1.046,"White Labs California Ale 001
Wyeast American Ale 1056
Dry Yeast American West Coast BRY-97",NA,1.011,NA
SoCo Porter,"10 lb 2 Row Malt
10 oz Crystal 120L Malt
10 oz Carapils Malt
5 oz Chocolate Malt
5 oz De-Bittered Black Malt",0.5 oz Nugget Hops,"0.5 oz Nugget Hops
0.5 oz Hallertau Hops",0.5 oz Hallertau Hops,1.061,"White Labs London Ale 013
Wyeast London Ale 1028
Dry Yeast SafAle S04",NA,1.018,NA
NA,"8.5 lb 2 Row Malt
12 oz Flaked Wheat
8 oz Crystal 10L","0.75 oz Mt Hood Hops
0.25 oz Mt Hood Hops",NA,NA,1.048,"White Labs American Ale Blend 060
Wyeast American Ale II 1272
Dry Yeast American West Coast BRY-97",NA,1.011,4 oz Raspberry Flavoring
SoCo Raspberry Wheat Ale,"5 LB 2 Row Malt
3.75 LB White Wheat Malt
12 oz Flaked Wheat",0.75 oz Cluster Hops,0.25 oz Cluster Hops,NA,1.049,"White Labs American Hefeweizen Ale 320
Wyeast American Wheat 1010
Dry Yeast American West Coast BRY-97",NA,1.011,4 oz Raspberry Flavoring
SoCo Red American Pale Ale (APA),"8.5 LB 2 Row
2 LB Munich Malt
12 oz Crystal 60L
8 oz Crystal 120L",0.75 oz CTZ Hops,0.5 oz Amarillo Hops,0.5 oz Amarillo Hops,1.058,"White Labs California Ale 001
Wyeast American Ale 1056
Dry Yeast American West Coast BRY-97",NA,1.013,NA
SoCo Red Hot Red Ale,"8.5 LB Golden Promise Malt
2 LB Red X Malt
12 oz Crystal 60L Malt
6 oz Crystal 120L Malt
2 oz Pale Chocolate Malt",1 oz Willamette Hops,0.75 oz Willamette Hops,NA,1.058,"White Labs Dry English Ale 007
Wyeast London Ale 1028
Dry Yeast Lallemand Nottingham Ale",NA,1.013,NA
SoCo Red IPA,"9.5 LB Pale Malt
2 LB Munich
1 LB Crystal 60L
6 oz Crystal 120L",0.5 oz CTZ Hops,"1 oz Nugget
0.5 oz Amarillo",0.5 oz Amarillo,1.064,"White Labs California Ale 001
Wyeast American Ale 1056
Dry Yeast SafAle US-05",1 oz Amarillo,1.014,NA
Red Ryerson Roggenbier,"6.5 LB Rye Malt
3 LB German Pilsen Malt
2 LB Vienna Malt
8 oz Caramunich Malt
4 oz Chocolate Malt",0.75 oz Hallertau Hops,NA,0.75 oz Saaz Hops,1.054,"White Labs Hefeweizen IV Ale 380
Wyeast Weihenstephan Weizen 3068
Dry Yeast Lallemand Munich Classic",NA,1.012,NA
NA,"10 LB Pale Ale Malt
12 oz Crystal 120 L
12 oz Chocolate Malt
8 oz Golden Naked Oats
4 oz Black Malt","0.75 oz Nugget Hops
1 oz Willamette Hops",NA,1 oz Willamette Hops,1.059,"White Labs California Ale 001
Wyeast American Ale 1056
Dry Yeast American West Coast BRY-97",NA,1.011,NA
SoCo English Export Imperial Stout,"17 LB Pale Malt
12 oz Crystal 120L Malt
8 oz Roasted Barley
8 oz Black Malt
8 oz Biscuit Malt",1.5 oz Chinook,1.5 oz Chinook,NA,1.094,"White Labs Dry English Ale 007
Wyeast British Ale 1098
Dry Yeast Lallemand Nottingham Ale",NA,1.022,NA
SoCo Rye IPA,"10.5 LB Pale Malt
1 LB Crystal 40L
8 oz Rye Malt
1 LB Flaked Rye",1.25 oz Centennial Hops,0.5 oz Mosaic Hops,"0.5 oz Mosaic Hops
0.75 oz Centennial Hops",1.064,"White Labs California Ale 001
Wyeast American Ale 1056
Dry Yeast SafAle US-05","1 oz Mosaic Hops Text90:
1 oz Centennial Hops",1.014,NA
SoCo Rye Lager,"8 LB 2 Row Malt
1.25 LB Rye Malt
8 oz Crystal Rye Malt
4 oz Pale Chocolate Malt",0.5 oz Comet Hops,0.5 oz Comet Hops,NA,1.049,"White Labs American Pilsner Lager 840
Wyeast Pilsen Lager 2007
Dry Yeast SafLager W-34/70",NA,1.012,NA
SoCo Rye Pale Ale,"8 LB 2 Row Malt
1.25 LB Crystal 20L Malt
6 oz Rye Malt
6 oz Flaked Rye",0.75 oz Centennial Hops,0.75 oz Centennial Hops,0.5 oz Centennial Hops,1.049,"White Labs California Ale V 051
Wyeast Northwest Ale 1332
Dry Yeast American West Coast BRY-97",NA,1.011,NA
SoCo Rye Stout,"11.25 LB Golden Promise Malt
12 oz Chocolate Malt
8 oz Roasted Barley
8 oz Crystal 80L
1 LB Flaked Rye",1 oz Chinook Hops,1 oz Willamette Hops,NA,1.071,"White Labs Dry English Ale 007
Wyeast British Ale 1098
Dry Yeast SafAle S04",NA,1.016,NA
SoCo Sabro IPA,"11.5 LB 2 Row Malt
12 oz Caramel Vienna Malt
6 oz Aromatic Malt                                     Appearance","1 oz Sabro Hops
0.25 oz Sabro Hops
0.25 oz Sabro Hops",0.5 oz Sabro Hops,NA,1.063,NA,1 oz Sabro Hops,1.014,NA
SoCo Sasquatch Street Brown Ale,"9.5 LB Pale Malt
8 oz Chocolate Malt
8 oz Crystal 80L
6 oz Biscuit Malt
4 oz Special Roast
2 oz Black Malt",0.25 oz Chinook Hops,"0.5 oz Chinook Hops
0.5 oz Cascade Hops",0.5 oz Cascade Hops,1.055,"White Labs California Ale V 051
Wyeast Northwest Ale 1332
Dry Yeast SafAle US-05",NA,1.011,NA
SoCo Schwarzbier,"5 LB German Pilsen Malt
3.75 LB Munich Malt
8 oz Carafa III
6 oz Caramunich",0.75 oz Northern Brewer Hops,0.5 oz Hersbrucker Hops,0.5 oz Hersbrucker Hops,1.048,"White Labs German Bock 833
Wyeast Bavarian Lager 2206
Dry Yeast Diamond Lager",NA,1.012,NA
SoCo Scottish Export,"9.5 LB Golden Promise Malt
12 oz Crystal 40L Malt
4 oz Roasted Barley",1 oz East Kent Golding Hops,0.5 oz East Kent Golding Hops,0.5 oz East Kent Golding Hops,1.053,"White Labs Edinburgh 028
Wyeast Scottish Ale 1728
Dry Yeast Windsor Ale",NA,1.014,NA
SoCo Scottish Heavy,"7 LB Golden Promise Malt
8 oz Crystal 40L Malt
4 oz Roasted Barley",0.75 oz East Kent Golding Hops,0.25 oz East Kent Golding Hops,NA,1.039,"White Labs Edinburgh 028
Wyeast Scottish Ale 1728
Dry Yeast Windsor Ale",NA,1.011,NA
SoCo Scottish Light,"6 oz Crystal 40L
6 oz Roasted Barley",0.5 oz East Kent Golding Hops,0.5 oz East Kent Golding Hops,NA,1.032,"White Labs Edinburgh 028
Wyeast Scottish Ale 1728
Dry Yeast Windsor Ale",NA,1.009,NA
SoCo Serendipitous Citrus Session IPA (SIPA),"7.5 lb 2 Row Malt
1 lb Crystal 10L Malt
8 oz Vienna Malt",1 oz Cascade Hops,"0.5 oz Motueka Hops
0.5 oz Mandarina Hop
0.5 oz Motueka Hops
0.5 oz Mandarina Hop",NA,1.045,"White Labs California Ale 001
Wyeast American Ale 1056
Dry Yeast SafAle US-05",1 oz Mandarina Hop,1.010,NA
SoCo SimCit IPA,"12 LB 2 Row Malt
1 LB Crystal 10L Malt",0.5 oz Citra Hops,"0.5 oz Citra Hops
0.5 oz Simcoe Hops","1 oz Citra Hops
0.5 oz Simcoe Hops",1.065,"White Labs California Ale V 051
Wyeast Northwest Ale 1332
Dry Yeast American West Coast BRY-97",NA,1.017,NA
SoCo Simcoe IPA,"11 LB 2 Row Malt
1 LB Crystal 40L
4 oz Victory Malt",1 oz Simcoe Hops,0.5 oz Simcoe Hops,0.5 oz Simcoe Hops,1.064,"White Labs California Ale 001
Wyeast American Ale 1056
Dry Yeast SafAle US-05",NA,1.014,NA
SoCo Simcoe Pale Ale,"9.5 LB 2 Row Malt
1 LB Crystal 40L
4 oz Victory Malt",0.5 oz Simcoe Hops,0.75 oz Simcoe Hops,0.5 oz Simcoe Hops,1.053,"White Labs California Ale 001
Wyeast American Ale 1056
Dry Yeast SafAle US-05",NA,1.011,NA
SoCo Simcoe SMaSH IPA,12.5 LB 2 Row Malt,0.5 oz Simcoe Hops,1 oz Simcoe Hops,1.5 oz Simcoe Hops,1.062,"White Labs California Ale 001
Wyeast American Ale 1056
Dry Yeast SafAle US-05",1 oz Simcoe Hops,1.014,NA
SoCo Smoky Brown Ale,"8.5 LB Pale Malt
1.5 LB Oak Smoked Wheat Malt
8 oz Crystal 60L
8 oz Pale Chocolate Malt
6 oz Chocolate Malt",0.25 oz Chinook Hops,"0.5 oz Chinook Hops
0.25 oz Willamette Hops",0.75 oz Willamette Hops,1.056,"White Labs California Ale V 051
Wyeast Northwest Ale 1332
Dry Yeast SafAle US-05",NA,1.014,NA
SoCo Smoky Porter,"8 LB Pale Malt
2 LB Oak Smoked Wheat Malt
12 oz Midnight Wheat Malt
8 oz Crystal 80L
4 oz Chocolate Malt",0.5 oz Galena Hops,"0.5 oz Galena Hops
0.5 oz Fuggle Hops",0.5 oz Fuggle Hops,1.057,"White Labs California Ale V 051
Wyeast Northwest Ale 1332
Dry Yeast SafAle US-05",NA,1.015,NA
NA,NA,NA,NA,NA,NA,"1 LB Pilsen Light DME
White Labs
California Ale 001
Wyeast
American Ale 1056
Stir the wort thoroughly to ensure that the malt extract is
dissolved. Return the pot to the heat. Continue boiling the                                  Dry Yeast
wort, stirring ocassionally the wort to prevent the wort from                              SafAle US-05
boiling over.
Sprinkle the yeast around the top of the wort. Now you will be
ready to start the primary fermentation.
STEP 8: PRIMARY FERMENTATION                                          The equipment and ingredients you will need to bottle include
Put the lid on the fermenter with an airlock installed. Fill the      an auto-siphon tubing, a capper and caps (unless you are
airlock to the fill line with water. After 12-36 hours, CO2           using flip top beer bottles), your primary fermentation bucket,
will begin to bubble up through the airlock. After 5-7 days,          a small sauce pan, 2 cups of water, about 50 bottles, and 5
the bubbling in the airlock will begin to slow and a thick            ounces of priming sugar. Make sure all of your equipment
""yeast cake"" will form at the bottom of the fermenter.                and bottles are clean and sanitized.
STEP 9: SECONDARY FERMENTATION                                        Put 2 cups of water in a sauce pan and bring to a boil. Add 5
After 7 days, transfer the wort to the secondary fermenter            ounce of priming sugar to the sauce pan and boil for a
(commonly a 5 gallon glass carboy). Use a sanitized auto-             minute. Let the sugar mixture cool to 80°F.
siphon to siphon the beer to the sanitized secondary
fermenter. Be careful to only transfer the beer while leaving         Next, pour the cooled sugar water into the plastic bucket
as much of yeast cake and sediment at the bottom of the               (primary fermenter), and then siphon the beer from the
primary fermenter behind. Put a sanitized drilled stopper into        secondary fermenter into the bucket. Be careful to not disturb
the top of your jug. Seal the hole of the stopper with an             the sediment on the bottom of the fermenter. The sugar
airlock and fill the airlock with water up to the fill line.          mixture you added to the beer is necessary for the beer to
carbonate in the bottle. If your beer contains flavoring (listed
below), add the flavoring to the bucket before bottling.
STEP 10: DRY HOPPING
If the recipe calls for dry hopping, add these hops to the
Flavoring to add before bottling
secondary fermenter at this point:
No Flavoring
Text90:       1 oz Centennial
Text90:                                                               Once the beer is in the bucket, place the bucket on a counter
top. Attach the bottle filler to the end of the tubing. Siphon
After you add your hops, replace the airlock on the fermenter         the beer and use the filler to put beer in the bottles. Fill the
and let the beer continue to ferment for another week.                bottles to the top. When you remove the filler, the level of
beer will be appropriate for capping. Cap each bottle and
STEP 11: BOTTLING                                                     store in a dark place at room temperature. Chill the beer
when you are ready to drink it.
After 1 week in the secondary fermenter, there should be no
more activity bubbling in the airlock. You are now ready to
This beer will taste best after     3 weeks
bottle the beer. If there is still bubbling in the airlock, wait an
or more of storage.
additional 2 days before you begin to bottle. If you have a
hydrometer, take a gravity reading.
STEP 12: ENJOY
The final specific gravity should be approximately: 1.014
To calculate the alcohol content of the beer, subtract the final
gravity from the original gravity and then multiply by 131.",NA,NA,NA
SoCo Spiced IPA,"10 LB 2 Row Malt
1 LB Munich Malt
1 LB Crystal 40L
4 oz Pale Chocolate Malt",0.75 oz Chinook Hops,"0.25 oz Chinook Hops
0.5 oz Centennial Hops","0.5 oz Centennial Hops
1 oz Citra Hops",1.063,"White Labs California Ale 001
Wyeast American Ale 1056
Dry Yeast SafAle US-05","1 oz Centennial Hops Text90:
1 oz Citra Hops",1.012,NA
SoCo Spiced Porter,"10 LB Pale Malt
12 oz Crystal 60L
12 oz Chocolate Malt
6 oz Midnight Wheat Malt
4 oz Special Roast",1.5 oz Cluster Hops,0.5 oz Cluster Hops,NA,1.060,"White Labs California Ale V 051
Wyeast Northwest Ale 1332
Dry Yeast SafAle US-05",NA,1.014,NA
SoCo Spiced Stout,"10 LB Pale Ale Malt
1 LB Munich Malt
12 oz Chocolate Malt
8 oz Roasted Barley
6 oz Crystal 120L
6 oz Golden Naked Oats",1 oz Galena Hops,1 oz Willamette Hops,NA,1.064,"White Labs California Ale V 051
Wyeast Northwest Ale 1332
Dry Yeast SafAle US-05",NA,1.013,NA
Strata Pale Ale,"9 LB Pale Malt
8 oz Crystal 10L
6 oz Honey Malt
12 oz Flaked Wheat",0.5 oz Strata Hops,0.5 oz Strata Hops,1 oz Strata Hops,1.054,"White Labs California Ale 001
Wyeast American Ale 1056
Dry Yeast SafAle US-05",NA,1.012,NA
NA,"8.5 lb 2 Row Malt
12 oz Flaked Wheat
8 oz Crystal 10L","0.75 oz Mt Hood Hops
0.25 oz Mt Hood Hops",NA,NA,1.048,"White Labs American Ale Blend 060
Wyeast American Ale II 1272
Dry Yeast American West Coast BRY-97",NA,1.011,4 oz Strawberry Flavoring
SoCo Strawberry Wheat Ale,"5 LB 2 Row Malt
3.75 LB White Wheat Malt
12 oz Flaked Wheat",0.75 oz Cluster Hops,0.25 oz Cluster Hops,NA,1.049,"White Labs American Hefeweizen Ale 320
Wyeast American Wheat 1010
Dry Yeast American West Coast BRY-97",NA,1.011,4 oz Strawberry Flavoring
SoCo Strong Amber Ale,"8.75 LB 2 Row Malt
2 LB Munich Malt
1 LB Vienna Malt
1.5 LB Crystal 60L Malt",1.5 oz Mt Hood Hops,0.5 oz Tettnang Hops,0.5 oz Tettnang Hops,1.066,"White Labs California Ale 001
Wyeast American Ale 1056
Dry Yeast SafAle US-05",NA,1.014,NA
SoCo American Strong Porter,"13.5 LB Pale Ale Malt
1 LB Crystal 80L
12 oz Chocolate Malt
6 oz Black Malt",1 oz Chinook Hops,1 oz Willamette Hops,NA,1.076,"White Labs California Ale 001
Wyeast American Ale 1056
Dry Yeast SafAle US-05",NA,1.016,NA
SoCo Strong Scotch Ale (Wee Heavy),"15 lb Maris Otter
1.25 lb Crystal 40L
4 oz Roasted Barley
4 oz Peat Smoked Malt",2 oz East Kent Golding Hops,1 oz Fuggle,NA,1.086,"White Labs Edinburgh 028
Wyeast Scottish Ale 1728
Dry Yeast SafAle S04",NA,1.020,NA
SoCo Strong Winter Ale,"16 LB Pale Malt
8 oz Crystal 80L
8 oz Pale Chocolate Malt
4 oz Special Roast Malt
2 oz Black Malt",0.75 oz Nugget Hops,"0.25 oz Nugget Hops
0.5 oz East Kent Golding Hops",NA,1.086,"White Labs California Ale V 051
Wyeast American Ale II 1272
Dry Yeast American West Coast BRY-97",NA,1.021,4 oz Vanilla Flavoring
SoCo Summer Wheat Ale,"5.75 LB Row Malt
2.5 LB White Wheat Malt
4 oz Crystal 40L Malt
8 oz Flaked Wheat",0.75 oz Cascade Hops,0.5 oz Motueka Hops,0.5 oz Motueka Hops,1.046,"White Labs American Hefeweizen Ale 320
Wyeast American Wheat 1010
Dry Yeast American West Coast BRY-97",NA,1.012,NA
SoCo Texas Amber Ale,"8.5 LB San Jacinto 2 Row Malt
12 oz Crystal 60L
8 oz Munich Malt
6 oz Special Roast
4 oz Pale Chocolate Malt",1.5 oz Cascade Hops,0.5 oz Cascade Hops,NA,1.051,"White Labs California Ale 001
Wyeast American Ale 1056
Dry Yeast SafAle US-05",NA,1.009,NA
SoCo Texas Blonde Ale,"9 LB TexMalt 2 Row
12 oz Crystal 10L
6 oz Carafoam",0.5 oz Amarillo Hops,0.5 oz Amarillo Hops,NA,1.050,"White Labs American Ale Blend 060
Wyeast American Ale II 1272
Dry Yeast SafAle US-05",NA,1.009,NA
SoCo Texas Brown Ale,"11 LB Wildfire Pale Malt
8 oz Munich Malt
8 oz Chocolate Malt
8 oz Crystal 60L
4 oz Crystal 120L",0.5 oz Nugget Hops,0.25 oz Nugget Hops,0.25 oz Nugget Hops,1.063,"White Labs California Ale V 051
Wyeast Northwest Ale 1332
Dry Yeast SafAle US-05",NA,1.013,NA
Texas Citra IPA,"11.5 LB Wildfire Pale Malt
1 LB Crystal 20L Malt
1 LB Flaked Wheat",1 oz Citra Hops,0.5 oz Citra Hops,1.5 oz Citra Hops,1.067,"White Labs California Ale 001
Wyeast American Ale 1056
Dry Yeast American West Coast BRY-97",1 oz Citra Hops,1.014,NA
SoCo Texas Golden Ale,8.25 LB TexMalt 2 Row,1 oz Cluster Hops,0.75 oz Cascade Hops,0.25 oz Cascade Hops,1.046,"White Labs California Ale 001
Wyeast American Ale 1056
Dry Yeast SafAle US-05",NA,1.010,NA
SoCo Texas Hefeweizen,"5.25 LB Llano Pilsen Malt
5 LB White Wheat Malt
8 oz Munich Malt",0.5 oz Mt Hood Hops,0.5 oz Crystal Hops,0.5 oz Crystal Hops,1.054,"White Labs Hefeweizen Ale 300
Wyeast Weihenstephan Weizen 3068
Dry Yeast Munich Classic (Wheat)",NA,1.013,NA
SoCo Texas IPA,"12 LB San Jacinto 2 Row Malt
1 LB White Wheat Malt
1 LB Crystal 40L",1 oz Chinook Hops,"1 oz Cascade Hops
0.5 oz Amarillo Hops",0.5 oz Amarillo Hops,1.070,"White Labs California Ale 001
Wyeast American Ale 1056
Dry Yeast SafAle US-05","1 oz Amarillo Hops
1 oz Cascade Hops",1.015,NA
SoCo Texas Juicy IPA,"10.5 LB TexMalt San Jacinto 2 Row Malt
8 oz Crystal 10L Malt
6 oz Honey Malt                                         Aroma
6 oz Flaked Oats
6 oz Flaked Wheat","0.25 oz Azacca Hops
0.75 oz Azacca Hops","1 oz Azacca Hops
1 oz Sabro Hops
1 oz Citra Hops",NA,1.059,NA,"1 oz Citra Hops
1 oz Sabro Hops",1.011,NA
SoCo Texas Kolsch,"9 LB Llano Pilsen Malt
1 LB White Wheat Malt",1 oz Mt Hood Hops,0.5 oz Crystal Hops,0.5 oz Crystal Hops,1.050,"White Labs German Ale/ Kolsch 029
Wyeast Kolsch Ale 2565
Dry Yeast SafAle K-97",NA,1.012,NA
Texas Mosaic IPA,"11.5 LB Wildfire Pale Malt
1 LB Crystal 20L Malt
1 LB Flaked Wheat",1 oz Mosaic Hops,0.5 oz Mosaic Hops,1.5 oz Mosaic Hops,1.067,"White Labs California Ale 001
Wyeast American Ale 1056
Dry Yeast American West Coast BRY-97",1 oz Mosaic Hops,1.014,NA
SoCo Texas Pale Ale,"10 LB TexMalt 2 Row Malt
1 LB White Wheat Malt
8 oz Crystal 40L",0.5 oz Simcoe Hops,"0.25 oz Simcoe Hops
0.5 oz Amarillo Hops","0.25 oz Simcoe Hops
0.5 oz Amarillo Hops",1.058,"White Labs California Ale 001
Wyeast American Ale 1056
Dry Yeast SafAle US-05",NA,1.010,NA
SoCo Texas Porter,"10.5 LB Wildfire Pale Malt
12 oz Crystal 80L
12 oz Midnight Wheat Malt
8 oz Brown Malt
8 oz Munich Malt","1 oz Cluster Hops
0.5 oz Willamette Hops",0.5 oz Willamette Hops,NA,1.064,"White Labs California Ale V 051
Wyeast Northwest Ale 1332
Dry Yeast SafAle US-05",NA,1.013,NA
SoCo Texas Red Ale,"7.5 LB Wildfire Pale Malt
1 LB Munich Malt
12 oz Crystal 40L
2 oz Roasted Barley",1 oz Willamette Hops,0.75 oz Willamette Hops,NA,1.046,"White Labs California Ale 001
Wyeast American Ale 1056
Dry Yeast SafAle US-05",NA,1.008,NA
SoCo Texas Stout,"10 LB Wildfire Pale Malt
1 LB White Wheat Malt
12 oz Roasted Barley
8 oz Crystal 60L
6 oz Chocolate Malt
4 oz Biscuit Malt",1 oz Nugget Hops,1 oz Cascade Hops,NA,1.063,"White Labs California Ale 001
Wyeast American Ale 1056
Dry Yeast SafAle US-05",NA,1.011,NA
SoCo Texas Strong Ale,"15.5 LB TexMalt Pale Malt
1 LB Crystal 40L
4 oz Crystal 120L
4 oz Pale Chocolate Malt",1.5 oz Warrior Hops,"0.5 oz Centennial Hops
0.5 oz Amarillo Hops","0.5 oz Amarillo Hops
0.5 oz Centennial Hops",1.079,"White Labs California Ale 001
Wyeast American Ale 1056
Dry Yeast SafAle US-05",1 oz Centennial Hops Text90:,1.015,NA
SoCo The Hard Way Lager,"4.75 LB 2 Row Malt
1.5 LB 6 Row Malt
1.75 LB Flaked Rice",0.25 oz Tettnang,"0.25 oz Tettnang Hops
0.5 oz Saaz Hops","0.25 oz Tettnang Hops
0.25 oz Saaz Hops",1.039,"White Labs American Pilsner Lager 840
Wyeast Pilsen Lager 2007
Dry Yeast SafLager W-34/70",NA,1.008,NA
Town Lake IPA,"10 LB 2 Row Malt
1 LB Crystal 60L Malt                                   attenuation which may result in slight variations in the
8 oz Carapils Malt                                      final gravity & alcohol content.
4 oz Victory Malt","1 oz Citra Hops
1 oz Citra Hops
0.5 oz Simcoe Hops
0.5 oz Simcoe Hops",NA,NA,1.058,NA,NA,1.013,NA
SoCo Tropical Stout,"11 LB Pale Ale Malt
12 oz Chocolate Malt
12 oz Crystal 80L
4 oz Special B Malt
4 oz Roasted Barley",1 oz Pacific Jade Hops,NA,NA,1.070,"White Labs British Ale 005
Wyeast Ringwood Ale 1187
Dry Yeast Windsor Ale",NA,1.019,NA
SoCo Vanilla Cream Porter,"10.75 LB Pale Malt
10 oz Pale Chocolate Malt
8 oz Crystal 120L
8 oz Debittered Black Malt",0.75 oz Magnum Hops,0.75 oz Hallertau Hops,0.25 oz Hallertau Hops,1.067,"White Labs London Ale 013
Wyeast London Ale 1028
Dry Yeast Lallemand Nottingham Ale",NA,1.023,4 oz Vanilla Flavoring
SoCo Vic Secret Pale Ale,"9 LB 2 Row Malt
1 LB White Wheat Malt
1 LB Crystal 40L",0.25 oz Vic Secret Hops,0.75 oz Vic Secret Hops,1 oz Vic Secret Hops,1.055,"White Labs California Ale 001
Wyeast American Ale 1056
Dry Yeast SafAle US-05",NA,1.015,NA
SoCo Vienna Lager,"7.5 LB Vienna Malt
2 LB Munich Malt
3 oz Carafa II
8 oz Caramunich",1 oz Styrian Golding,0.75 oz Saaz Hops,0.25 oz Saaz Hops,1.050,"White Labs German Lager 830
Wyeast Bohemian Lager 2124
Dry Yeast Diamond Lager",NA,1.011,NA
SoCo Vista IPA,"9.75 LB 2 Row Malt
1 LB Crystal 20L Malt",0.75 oz Vista Hops,1 oz Vista Hops,1.25 oz Vista Hops,1.055,"White Labs California Ale 001
Wyeast American Ale 1056
Dry Yeast American West Coast BRY-97",1 oz Vista Hops,1.013,NA
Wandering Egret Amber Ale,"7 LB Pale Malt
2 LB Vienna Malt
14 oz Crystal 60L
6 oz Crystal Red Malt",0.5 oz Sabro Hops,0.5 oz Sabro Hops,NA,1.051,"White Labs California Ale 001
Wyeast American Ale 1056
Dry Yeast SafAle US-05",NA,1.008,NA
SoCo Warm Winter,"11 LB Golden Promise
1.25 LB Crystal 60L
8 oz Biscuit Malt
5 oz Chocolate Malt",NA,NA,NA,1.065,"White Labs American Ale Blend 060
Wyeast American Ale II 1272
Dry Yeast SafAle US-05",NA,1.014,NA
SoCo Watermelon Blonde Ale,"8.5 lb 2 Row Malt
12 oz Flaked Wheat
8 oz Crystal 10L",0.75 oz Mt Hood Hops,0.25 oz Mt Hood Hops,NA,1.048,"White Labs American Ale Blend 060
Wyeast American Ale II 1272
Dry Yeast American West Coast BRY-97",NA,1.011,4 oz Watermelon Flavoring
SoCo West Coast IPA,"11.5 LB 2 Row Malt
1 LB Crystal 40L Malt
12 oz Munich Malt
6 oz Carapils
4 oz Biscuit Malt",0.75 oz CTZ Hops,"0.25 oz CTZ Hops
0.5 oz Centennial Hops
0.5 oz Falconer's Flight Hops","0.5 oz Falconer's Flight Hops
0.5 oz Centennial Hops",1.069,"White Labs California Ale 001
Wyeast American Ale 1056
Dry Yeast SafAle US-05",1 oz CTZ Hops,1.016,NA
SoCo West Coast Pale,"8.75 LB 2 Row Malt
1 LB Crystal 40L
6 oz Carapils Malt",0.75 oz Centennial Hops,"0.25 oz Centennial Hops
0.5 oz Cascade Hops",0.5 oz Cascade Hops,1.050,"White Labs California Ale 001
Wyeast American Ale 1056
Dry Yeast American West Coast BRY-97",NA,1.011,NA
SoCo Wheatwine,"10 LB White Wheat Malt
6 LB 2 Row Malt
12 oz Caramel Vienna Malt
6 oz Crystal Rye Malt",1 oz Nugget Hops,"0.5 oz Centennial Hops
0.25 oz Amarillo Hops","0.5 oz Centennial Hops
0.75 oz Amarillo Hops",1.089,"White Labs California Ale 001
Wyeast American Ale 1056
Dry Yeast SafAle US-05",NA,1.015,NA
SoCo Whiskey Barrel Stout,"10.5 LB Pale Malt
12 oz Crystal 80L
8 oz Chocolate Malt
8 oz Roasted Barley
8 oz Flaked Barley",1 oz Nugget Hops,0.5 oz Willamette Hops,0.5 oz Willamette Hops,1.062,"White Labs California Ale 001
Wyeast American Ale 1056
Dry Yeast SafAle US-05",2 to 4 oz Whiskey Barrel Chips Text90:,1.013,NA
SoCo White Chocolate Blonde Ale,"8.75 LB 2 Row Malt
12 oz Honey Malt",0.5 oz Mt Hood Hops,0.5 oz Mt Hood Hops,NA,1.047,"White Labs American Ale Blend 060
Wyeast American Ale II 1272
Dry Yeast SafAle US-05",NA,1.010,4 oz White Chocolate Flavoring
NA,"9 LB Pale Malt
1 LB Flaked Barley
1 LB Flaked Oats
2 oz Roasted Barley","1.75 oz Willamette Hops
4 oz Cacao Nibs",NA,NA,1.055,"White Labs English Ale 002
Wyeast London ESB 1968
Dry Yeast SafAle S04",NA,1.016,NA
Whole Lotta Citrus Juicy IPA (NEIPA),"7.5 LB Pale Ale Malt
4 LB Golden Promise Malt                             Notes About My Beer:
2 LB Flaked Wheat","0.5 oz Citra Hops
0.5 oz Citra Hops","1 oz Galaxy Hops
1 oz Mosaic Hops",NA,1.068,NA,"2 oz Citra Hops
1 oz Mosaic Hops
1 oz Galaxy Hops",1.013,NA
SoCo Witbier (Belgian Wit),"4.25 LB Pilsen Malt
4.25 LB White Wheat Malt
12 oz Flaked Oats",1 oz Hersbrucker Hops,0.5 oz Saaz Hops,"0.5 oz Saaz Hops
0.5 oz Bitter Orange Peel
0.5 oz Coriander Seed",1.049,"White Labs Belgian Wit Ale 400
Wyeast Belgian Witbier 3944
Dry Yeast Mangrove Jack Belgian Wit",NA,1.008,NA
SoCo Yellow Bells Juicy IPA (NEIPA),"5.5 LB 2 Row Malt
5 LB Golden Promise Malt                            Notes About My Beer:
6 oz Crystal 10L Malt
1.5 LB Flaked Barley","0.25 oz CTZ Hops
1 oz Citra Hops
0.25 oz CTZ Hops","1 oz Citra Hops
1.5 oz CTZ Hops",NA,1.061,NA,"1 oz Citra Hops
1 oz CTZ Hops",1.012,NA
SoCo Yodeling Coyote Oktoberfest,"4.5 LB Pilsen Malt
4 LB Munich Malt
3 LB Vienna Malt
6 oz Crystal 60L
2 oz Carafa II",0.75 oz Perle Hops,0.75 oz Hersbrucker Hops,NA,1.059,"White Labs Oktoberfest/ Marzen Lager 820
Wyeast Oktoberfest 2633
Dry Yeast Diamond Lager",NA,1.014,NA
SoCo Zilker Park Pale Ale,"8 lb 2-Row Malt
1 lb 40L Malt
8 oz Oak Smoked Wheat
4 oz Carapils Malt",0.75 oz Nugget Hop,0.5 oz Cascade Hops,0.5 oz Cascade Hops,1.048,"White Labs California Ale 001
Wyeast American Ale 1056
Dry Yeast SafAle US-05",NA,1.010,NA
SoCo Fastest IPA In The Galaxy,"12 LB 2 Row
1 LB Munich Malt
1 LB Crystal 40L
1 LB Carapils",0.75 oz Warrior Hops,NA,"0.5 oz Galaxy Hops
0.5 oz Falconer's Flight",1.074,"White Labs California Ale 001
Wyeast American Ale 1056
Dry Yeast SafAle K-97",1 oz Galaxy Hops,1.016,NA
South Austin's Best Bitter,"7.5 LB Maris Otter
1.25 LB Crystal 80L",1.5 oz Fuggle Hops,"0.25 oz East Kent Golding Hops
0.5 oz Fuggle Hops",0.75 oz East Kent Golding Hops,1.045,"White Labs London Ale 013
Wyeast London Ale 1028
Dry Yeast SafAle S04",NA,1.011,NA
SoCo Squawking Parrot IPA,"11.5 LB 2 Row Malt
1 LB Crystal 10L
8 oz Carafoam
4 oz Victory",1 oz Centennial Hops,"0.5 oz Azacca Hops
0.5 oz Motueka Hops","0.5 oz Motueka Hops
0.5 oz Azacca Hops",1.065,"White Labs Pacific Ale 041
Wyeast Northwest Ale 1332
Dry Yeast American West Coast BRY-97","1 oz Motueka Hops
1 oz Azacca Hops",1.020,NA
Stalwart Bulldog ESB,"10 LB Maris Otter
12 oz Crystal 80L
4 oz Special Roast
2 oz Chocolate Malt",1 oz Northern Brewer Hops,1.25 oz Willamette Hops,0.75 oz Willamette Hops,1.057,"White Labs Dry English Ale 007
Wyeast British Ale 1098
Dry Yeast SafAle S04",NA,1.010,NA
Stein Half Full Oktoberfest,"4 LB Pilsen Malt
4 LB Munich Malt
3 LB Vienna Malt
12 oz Crystal 60L
4 oz Aromatic Malt",1 oz Mt. Hood Hops,1 oz Crystal Hops,NA,1.060,"White Labs Oktoberfest/ Marzen Lager 820
Wyeast Oktoberfest 2633
Dry Yeast SafLager S23",NA,1.015,NA
Strawberry Milk Stout,"9.5 LB Pale Malt
12 oz Chocolate Malt
8 oz Black Malt
8 oz Crystal Red Malt
12 oz Flaked Oats",0.5 oz Nugget Hops,0.5 oz Nugget Hops,NA,1.065,"White Labs Dry English Ale 007
Wyeast British Ale 1098
Dry Yeast SafAle S04",NA,1.020,4 oz Strawberry Flavoring
Summer Waves Blonde Ale,"8 LB 2 Row Malt
1 LB Vienna Malt
8 oz Crystal 10L",0.5 oz Cascade Hops,"0.5 oz Cascade Hops
0.5 oz Simcoe Hops",NA,1.047,"White Labs American Ale Blend 060
Wyeast American Ale II 1272
Dry Yeast American West Coast BRY-97",NA,1.009,NA
Superdelic Pale Ale,"8 LB Pale Malt
1.5 LB Crystal 20L Malt
8 oz Carafoam",0.5 oz Superdelic Hops,1 oz Superdelic Hops,0.5 oz Superdelic Hops,1.049,"White Labs California Ale 001
Wyeast American Ale 1056
Dry Yeast SafAle US-05",NA,1.011,NA
Talus Pale Ale,"9 LB 2 Row Malt
1 LB Vienna Malt
12 oz Crystal 40L Malt",1 oz Talus Hops,0.5 oz Talus Hops,1.5 oz Talus Hops,1.053,"White Labs California Ale 001
Wyeast American Ale 1056
Dry Yeast SafAle US-05",NA,1.012,NA
Texas Best Bitter,"8 LB TexMalt Pale Malt
1 LB Crystal 80L Malt
4 oz Brown Malt",1 oz Willamette Hops,0.5 oz Willamette Hops,0.5 oz Willamette Hops,1.046,"White Labs Dry English Ale 007
Wyeast London Ale 1028
Dry Yeast SafAle S04",NA,1.011,NA
SoCo Texas Christmas Red Ale,"9 LB TexMalt Pale Malt
10 oz Crystal 60L Malt
6 oz Special B Malt
4 oz Special Roast Malt",1 oz Mt. Hood Hops,"0.5 oz Cascade Hops
1 oz Ginger Root",0.5 oz Cascade Hops,1.051,"White Labs American Ale Blend 060
Wyeast American Ale II 1272
Dry Yeast American West Coast BRY-97",NA,1.011,NA
Texas Dunkelweizen,"5.75 LB White Wheat Malt
5 LB Wildfire Pale Malt
8 oz Crystal 40L Malt
8 oz Chocolate Wheat Malt",0.75 oz Mt Hood Hops,0.25 oz Mt Hood Hops,NA,1.060,"White Labs Hefeweizen Ale 300
Wyeast Weihenstephan Weizen 3068
Dry Yeast SafBrew WB-06",NA,1.017,NA
Texas Milk Stout,"8.5 LB Wildfire Pale Malt
12 oz Crystal 60L Malt
1 LB Roasted Barley
1 LB Flaked Oats",0.75 oz Galena Hops,NA,NA,1.061,"White Labs California Ale 001
Wyeast American Ale 1056
Dry Yeast American West Coast BRY-97",NA,1.018,NA
Texas Oat Stout,"9 LB TexMalt Pale Malt
8 oz Crystal 60L
12 oz Roasted Barley
1 LB Flaked Oats",0.75 oz Galena Hops,0.25 oz Galena Hops,NA,1.056,"White Labs California Ale 001
Wyeast American Ale 1056
Dry Yeast SafAle US-05",NA,1.012,NA
Texas Pilsner,10 LB TexMalt Pilsner Malt,1 oz Mt. Hood Hops,0.5 oz Hallertau Hops,0.5 oz Hallertau Hops,1.051,"White Labs German Lager 830
Wyeast Bohemian Lager 2124
Dry Yeast SafLager W-34/70",NA,1.013,NA
Texas Style Irish Stout,"7.5 LB TexMalt Pale Malt
1 LB Roasted Barley
8 oz Crystal 60L Malt
8 oz Flaked Barley",1.5 oz Willamette Hops,0.5 oz Willamette Hops,NA,1.045,"White Labs Irish Ale 004
Wyeast Irish Ale 1084
Dry Yeast Windsor Ale",NA,1.011,NA
Texas Bigtooth Amber Ale,"9 LB Wildfire Pale Malt
12 oz Munich Malt
12 oz Crystal 80L Malt
8 oz Caramel Wheat Malt",1 oz Comet Hops,0.5 oz Liberty Hops,0.5 oz Liberty Hops,1.054,"White Labs California Ale 001
Wyeast American Ale 1056
Dry Yeast American West Coast BRY-97",NA,1.012,NA
SoCo Tops For The Win Pale Ale,"9 LB 2 Row Malt
8 oz Vienna Malt
1 LB Crystal 60L Malt",0.25 oz Simcoe Hops,"0.75 oz Simcoe Hops
0.25 oz Azacca Hops",0.75 oz Azacca Hops,1.052,"White Labs California Ale 001
Wyeast American Ale 1056
Dry Yeast American West Coast BRY-97",NA,1.011,NA
Tree Bench American Brown Ale,"7.75 LB 2 Row Malt
2 LB Vienna Malt
10 oz Chocolate Malt
6 oz Caravienne Malt",0.25 oz Galena Hops,0.75 oz Galena Hops,NA,1.057,"White Labs California Ale 001
Wyeast American Ale 1056
Dry Yeast American West Coast BRY-97",NA,1.012,NA
Tropical Heavens IPA,"13 LB 2 Row Malt
6 oz Crystal 10L Malt
6 oz Honey Malt
8 oz Flaked Oats
8 oz Flaked Wheat",0.25 oz Citra Hops,"0.5 oz Nectaron Hops
0.5 oz Sabro Hops
0.75 oz Citra Hops","0.5 oz Nectaron Hops
0.5 oz Sabro Hops",1.077,"White Labs Coastal Haze WLP067
Wyeast London Ale III 1318
Dry Yeast Mangrove Jack Hophead",1 oz Nectaron Hops,1.023,NA
SoCo Turtle Pile Golden Ale,"8.5 LB 2 Row Malt
8 oz Vienna Malt
8 oz Crystal 10L Malt",0.75 oz Lemondrop Hops,0.25 oz Lemondrop Hops,NA,1.047,"White Labs California Ale 001
Wyeast American Ale 1056
Dry Yeast SafAle US-05",NA,1.011,NA
Two Z's IPA,"10 LB Pale Malt
1.25 LB Crystal Wheat Malt
12 oz Flaked Wheat Malt",1.25 oz Zythos Hops,0.5 oz Zythos Hops,"0.25 oz Zythos Hops
1 oz Zappa Hops",1.059,"White Labs California Ale 001
Wyeast American Ale 1056
Dry Yeast SafAle US-05",2 oz Zappa Hops,1.013,NA
Vienna Amber Ale,"9.25 LB Vienna Malt
6 oz Caramunich Malt
5 oz Pale Chocolate Malt",1 oz Liberty Hops,0.5 oz Crystal Hops,0.5 oz Crystal Hops,1.048,"White Labs German Ale/ Kolsch 029
Wyeast Kolsch Ale 2565
Dry Yeast SafAle K-97",NA,1.008,NA
Wauters's Belgian Dubbel,"8 LB Belgian Pilsen Malt
1.5 LB Munich Malt
5 oz Chocolate Malt",0.5 oz Northern Brewer Hops,0.5 oz Northern Brewer Hops,NA,1.059,"White Labs Trappist Ale 500
Wyeast Belgian Ale 1214
Dry Yeast CellarScience Monk",NA,1.007,NA
West Coast Blonde Ale,"8.5 LB 2 Row Malt
8 oz Munich Malt
12 oz Crystal 10L Malt",0.5 oz Cascade Hops,"0.5 oz Cascade Hops
0.5 oz Simcoe Hops",0.5 oz Simcoe Hops,1.048,"White Labs American Ale Blend 060
Wyeast American Ale II 1272
Dry Yeast SafAle US-05",NA,1.011,NA
West Coast Lager,"9 LB 2 Row Malt
10 oz Carapils",1 oz Cascade Hops,"0.5 oz Citra Hops
0.25 oz Simcoe Hops","0.5 oz Citra Hops
0.75 oz Simcoe Hops",1.048,"White Labs American Pilsner Lager 840
Wyeast Pilsen Lager 2007
Dry Yeast SafLager W-34/70",1 oz Citra Hops,1.010,NA
Wheaty's Comet American Wheat Ale,"5 LB San Jacinto 2 Row Malt
3 LB White Wheat Malt
6 oz Crystal 40L
8 oz Honey Malt
8 oz Flaked Wheat",0.75 oz Comet Hops,0.25 oz Comet Hops,NA,1.048,"White Labs American Hefeweizen Ale 320
Wyeast American Wheat 1010
Dry Yeast SafAle US-05",NA,1.010,NA
Winter Red Ale,"10.25 LB Maris Otter Malt
1.25 LB Crystal 80L Malt
6 oz Crystal 120L Malt",1.5 oz East Kent Golding Hops,"0.5 oz East Kent Golding Hops
0.5 oz Fuggle Hops",0.5 oz Fuggle Hops,1.061,"White Labs Dry English Ale 007
Wyeast British Ale 1098
Dry Yeast Lallemand Nottingham Ale",NA,1.015,NA
NA,"7.75 LB Pale Ale Malt
1 LB Munich Malt
1 LB Crystal 60L
6 oz Pale Chocolate Malt",1.25 oz Cascade Hops,0.5 oz Cascade Hops,0.25 oz Cascade Hops,1.050,"White Labs California Ale 001
Wyeast American Ale 1056
Dry Yeast American West Coast BRY-97",NA,1.010,NA
Zappa IPA,"11.25 LB Pale Malt
1 LB White Wheat Malt
5 oz Munich Malt
5 oz Crystal 60L",2 oz Zappa Hops,1 oz Zappa Hops,1 oz Zappa Hops,1.061,"White Labs California Ale 001
Wyeast American Ale 1056
Dry Yeast SafAle US-05",2 oz Zappa Hops,1.013,NA
